"user_id","name","email","age"
"adef1964-9adb-47bf-83af-f4e093f55fe2","Leonhard Petkov","lpetkov0@google.com.br","64"
"88625b44-dae1-4118-8a2e-a53d4a389829","Lory Trundell","ltrundell1@123-reg.co.uk","48"
"f7cd130d-d538-481c-b457-b33cf01f490f","Dayle Harbard","dharbard2@lycos.com","63"
"ad6a0ce5-bb48-4024-a966-36bfd10c12c0","Jacenta Lord","jlord3@tripod.com","57"
"97c11a4a-2088-40b6-946e-b7f97be3bde7","Bryant Beenham","bbeenham4@drupal.org","16"
"b55b2c8d-620b-4b21-aea9-a4cb90a93ae0","Jermaine Folonin","jfolonin5@addthis.com","33"
"2ebb57be-71be-455e-bd0c-515aabbb14c7","Cary Churchouse","cchurchouse6@delicious.com","47"
"d5116598-7cbd-4780-8375-1b6319c8e1c3","Nickolai Seel","nseel7@privacy.gov.au","18"
"1094db0b-e72c-41d8-8091-0161cba63c86","Bertine Boshers","bboshers8@posterous.com","61"
"6d5b6ac5-301e-4644-abdd-90888eff602c","Alard Grierson","agrierson9@miibeian.gov.cn","38"
"1b550b28-2ca2-4c22-820f-8c7edae7af3f","Winfield Kitchinham","wkitchinhama@tripadvisor.com","25"
"60ae4acc-e0d0-46ee-99fc-ad2b4e13c3a3","Julia Cahen","jcahenb@ebay.com","41"
"24a12792-d35c-432a-9f55-33fee9ac7703","Eric Aubry","eaubryc@discovery.com","22"
"f22c35d0-d444-47db-88aa-c83825afe2ac","Gaven Margram","gmargramd@epa.gov","46"
"7e5359a9-aec1-4489-9ea2-0dd56b6a93dd","Igor MacCague","imaccaguee@imgur.com","17"
"b7187e0e-e440-4e44-a0c1-178aae2c5b49","Derward Andreini","dandreinif@dion.ne.jp","64"
"38b20e61-5f7b-44ef-8ec4-45eca5076f6c","Emelda Primett","eprimettg@vistaprint.com","62"
"50887b3c-bec3-4703-92dc-8c0a6f5c7c2b","Courtenay McGurgan","cmcgurganh@xrea.com","30"
"77f997ea-4240-46bd-a751-f6d518c4a5b9","Leeanne Orable","lorablei@microsoft.com","49"
"bc6ee21b-edd0-4bbd-8d5e-1c082e8ff86d","Malory Emanuel","memanuelj@ycombinator.com","24"
"5b2009a6-cf77-484e-a12a-bcceae8ba350","Lynea Meiklam","lmeiklamk@pbs.org","17"
"898aaafb-88fd-4e54-a820-8e0b925e6f54","Dell Byres","dbyresl@w3.org","35"
"868de536-71b5-4343-a659-5a4887a9fb5f","Edith Scarf","escarfm@spiegel.de","15"
"f5edf4c5-78c1-4247-9dc0-413b93a3ab8c","Bartholomeo Gligoraci","bgligoracin@ftc.gov","24"
"515ef97a-21fe-44a9-a986-bad990ab875c","Grange Pickersail","gpickersailo@twitpic.com","42"
"8298088e-a001-4514-8721-86d31a092a17","Abigael Borwick","aborwickp@ihg.com","56"
"edcc4769-882f-4bd4-9253-2cb3b40b7421","Reggie Caslake","rcaslakeq@google.it","15"
"2d90b7bd-e186-4750-954c-53f0484bc77f","Chalmers Blaasch","cblaaschr@diigo.com","48"
"66bdcd08-1593-4333-aafd-997f19551c27","Ernesta Weall","ewealls@dedecms.com","54"
"f30caca4-ee9a-4a79-a018-d91f41113e5b","Latrena Ness","lnesst@engadget.com","22"
"a61bfb96-0241-4992-b2c4-abc8d43c2e94","Brooks Marciek","bmarcieku@bbc.co.uk","46"
"bfc304c4-d3d5-439a-8e88-389d106701e0","Georas Yosifov","gyosifovv@adobe.com","40"
"c4a7b8ff-f820-46fa-854c-b9d6fcc2026f","Brunhilda Taillard","btaillardw@mit.edu","59"
"5c773a9b-d0c6-4b9f-8735-7d8392f2d795","Cordell Gosling","cgoslingx@free.fr","47"
"7471010e-61b1-441d-9881-fb5d62fbed47","Tove Grabbam","tgrabbamy@51.la","56"
"246a7d6a-e433-4e68-b5d9-64e742b519bf","Issiah Alday","ialdayz@psu.edu","24"
"881f2c53-4ea7-4f7f-b321-83f615dd2a24","Genny Buck","gbuck10@earthlink.net","55"
"8dcc7894-2067-4f4e-96eb-b77ed65bdbb0","Dan Di Maggio","ddi11@cdc.gov","25"
"cee9cd44-2914-43bf-8783-c8b284bde8bf","Rayner Konke","rkonke12@uiuc.edu","16"
"8a86a09c-e2aa-4332-bb96-e64cdbb88cdb","Courtnay O' Donohue","co13@sciencedaily.com","31"
"d0300366-0f76-48c3-a3c3-d2854bdc1968","Allister Geharke","ageharke14@businessweek.com","36"
"de2c835e-a12a-4c86-89a3-5a436f5d8a79","Catlin Bruhn","cbruhn15@histats.com","53"
"62cedf84-c509-4c6a-894b-7a84492678ff","Wyatan Clissett","wclissett16@domainmarket.com","59"
"0f1558b2-bc17-4ce2-bde6-140a62c47bc1","Brody Haliday","bhaliday17@who.int","48"
"49084dba-6584-4834-8ce3-a4a0e998dc20","Kimberli Hovy","khovy18@yandex.ru","21"
"c5527443-9c7a-4b2d-8709-d154757c8617","Laurent Harrigan","lharrigan19@gov.uk","30"
"e9f0e379-1002-4e85-8def-4225e129bbd9","Nettle De Cruze","nde1a@newsvine.com","30"
"9878253a-4fa5-4951-aab9-2a313875a904","Ellynn Spacie","espacie1b@apple.com","64"
"8a84c1c6-6467-47f5-a6e8-8fa262529c5d","Toni Dumingos","tdumingos1c@europa.eu","28"
"9c339ca7-80ad-48d8-a6d0-e1d831c86830","Everard Aberdein","eaberdein1d@cornell.edu","40"
"6f99b57d-e38d-4c51-9726-f78b8439b8dd","Sunshine Cicchillo","scicchillo1e@bloomberg.com","30"
"95bfaab6-84a6-437e-87b7-53da1a5b2e6a","Ertha Antunez","eantunez1f@over-blog.com","57"
"82523916-0f77-4bd0-869e-0cd62560f351","Janith Postgate","jpostgate1g@jugem.jp","39"
"7a4d5530-d8dc-4eb8-90a4-e52a1ca2f0e0","Hatti Lanigan","hlanigan1h@godaddy.com","18"
"82fee324-1011-4fc8-9ca2-3a383be6777b","Adrienne Giral","agiral1i@php.net","65"
"0756fb97-efd9-419d-8168-3859074a4604","Shaw Hanes","shanes1j@google.pl","16"
"78850526-5f53-471d-baf9-b1427fd185bc","Cari Errigo","cerrigo1k@ucla.edu","32"
"823ca2eb-523d-4ef4-aa19-66c818c0584f","Ollie Walbrook","owalbrook1l@altervista.org","29"
"4a4577e6-2226-4dcd-b72a-826c20da4d3c","Saundra Adamik","sadamik1m@mac.com","33"
"7d7c887e-f9f3-4f90-acf0-ea75e145c76f","Devland Ducrow","dducrow1n@slideshare.net","39"
"2ce5a983-2955-4cf8-bbe9-dc8ae55fc228","Udale Gaunt","ugaunt1o@ebay.com","49"
"f88b5c1c-9534-429a-b732-cc4029e7b28e","Millicent Michallat","mmichallat1p@ifeng.com","17"
"0edefd64-a335-4bc2-ad2c-92199c111037","Barnard Lehrmann","blehrmann1q@xing.com","59"
"23e8f372-7856-4915-9cf7-2478ef6992a8","Bruce Civitillo","bcivitillo1r@wisc.edu","18"
"916614a8-e121-4d94-8b92-5ce85c870f4a","Marlena Bodega","mbodega1s@blogger.com","57"
"c25bde98-769b-4c46-aa7e-bafec8558f45","Rainer Rawdales","rrawdales1t@barnesandnoble.com","26"
"e6bc4303-6676-4461-a15e-10ad068b04b2","Mellicent Dantesia","mdantesia1u@clickbank.net","18"
"ba83e13c-42b4-46b3-9f13-a721e3120732","Laurice Byas","lbyas1v@google.pl","27"
"d4d10f60-507e-41b0-bfb5-2f39d947ab23","Malena Keeney","mkeeney1w@scribd.com","35"
"8d8798c9-71a4-4a7e-a3be-5c2be02c9c16","Rolph Crawshay","rcrawshay1x@archive.org","20"
"1cdf827c-b5b4-4ad2-87b8-da078a794307","Netta O'Mahoney","nomahoney1y@chron.com","52"
"5f8e982f-c6ee-4c1d-8395-6fd104415fcc","Davida Nyles","dnyles1z@hud.gov","44"
"71ed4a16-84f2-44c4-99fe-1a36e157b82d","Birch Belison","bbelison20@msn.com","34"
"af80a57d-8589-49b3-bb03-dfca29013d4c","Florri Lere","flere21@hatena.ne.jp","60"
"69582490-ff80-49b1-82cc-0c0b2c6d60c9","Constantina Bygrove","cbygrove22@github.com","14"
"38d75859-5dda-4f11-9420-04dea178cb82","Rheta Pidwell","rpidwell23@japanpost.jp","16"
"f71fced6-c6a4-4e58-b1e2-076bfa384cf0","Mommy Clayson","mclayson24@ameblo.jp","59"
"fbad8b42-7b7a-4ecb-9654-50292f4ac8c1","Elsbeth Ebhardt","eebhardt25@weebly.com","36"
"f58abfb2-9088-46fe-a79a-207bad964cdb","Hyacinthe Bartosch","hbartosch26@cpanel.net","51"
"a989b882-8df3-49f8-a223-393bf940c0c6","Malcolm Prickett","mprickett27@tiny.cc","18"
"50b5d43e-9a12-479f-9d8a-221dc39ce083","Phedra Foat","pfoat28@unblog.fr","34"
"a710f5e9-f4a4-4064-9290-a7b5bbed3581","Louisa Sallans","lsallans29@mapy.cz","13"
"ce0963c6-11b7-4848-a261-e3f7c99500c7","Myrvyn Kelbie","mkelbie2a@adobe.com","52"
"1a763ac9-6f1c-400f-a57f-ed8a534a711f","Andree Leport","aleport2b@si.edu","15"
"1e61b343-db67-42b7-bdf3-7fe3d7e17f22","Stacia Laudham","slaudham2c@nasa.gov","38"
"5f34b488-2a47-4021-be98-7d8fe8fd3772","Gaye Grimwad","ggrimwad2d@1688.com","15"
"cbdb3c56-7183-4bc2-8685-0a01cb7c5ce1","Alvan Matson","amatson2e@bluehost.com","32"
"b8809b79-90f6-4678-af12-7ca99ca40771","Jarrett Hammer","jhammer2f@merriam-webster.com","38"
"ce3a5602-1640-4c40-a54d-8db7595bb7e2","Donella Ashburne","dashburne2g@zimbio.com","21"
"4ad7ec49-d8f8-4666-9c2b-9db7293243af","Liuka Shillabeare","lshillabeare2h@ft.com","28"
"97021f36-8c4a-4d2b-86b6-df142d30ff48","Iorgos Oldman","ioldman2i@jalbum.net","29"
"ccdafb90-a224-4aa0-bf59-ecb5736d61ff","Elston O'Driscole","eodriscole2j@howstuffworks.com","57"
"f1e42bad-0217-4204-b59e-6cbbe6407134","Suzette Mee","smee2k@so-net.ne.jp","65"
"eae0994d-1b6c-4a12-acef-c0b837b21e63","Dell Balderson","dbalderson2l@cloudflare.com","11"
"7bb9dac3-88cf-4a79-ba12-928f3467ccbd","Veronica Sarfas","vsarfas2m@salon.com","46"
"43b2cc8d-e58a-4d0a-ae6e-d0db7c5541b3","Rudie Howship","rhowship2n@icio.us","11"
"6240f8c0-2f71-4872-ba97-8c7aacf11887","Rudd Vinnicombe","rvinnicombe2o@pagesperso-orange.fr","30"
"466f999e-bbd4-457e-800d-67fba0eb9fea","Jenna Freemantle","jfreemantle2p@quantcast.com","59"
"7b953cb6-9088-4c23-9ac6-9bcdb7b1b310","Miquela Grunnill","mgrunnill2q@hexun.com","26"
"3960ccca-5f99-4143-90e1-357bcc5d7c25","Kippar Goosnell","kgoosnell2r@studiopress.com","23"
"83883fe5-ec52-4e34-a146-2619c1e7e967","Baudoin Sabbin","bsabbin2s@telegraph.co.uk","45"
"4af6ea9b-4ffb-45b2-b69a-de4ea8ea3c7d","Gamaliel Wynes","gwynes2t@fc2.com","31"
"34d42091-7d11-4205-a858-2d3cbb423cbb","Karole Pinar","kpinar2u@jigsy.com","60"
"88f58c46-f188-4501-b95e-75d6ef74e7a4","Millicent Yeabsley","myeabsley2v@bandcamp.com","14"
"c61bbe45-3f9a-4879-b4b8-3ac0cbdf621f","Griffy Hebdon","ghebdon2w@java.com","17"
"b781b964-4c3d-4770-a4c3-7c39c7b15ab6","Wallis Sugge","wsugge2x@domainmarket.com","13"
"93933785-f7cb-4c26-8698-a65bf9c9385e","Jyoti Wooff","jwooff2y@biblegateway.com","15"
"496c40f6-3533-4f20-857f-072d9d6b9f8c","Jake Staynes","jstaynes2z@nyu.edu","40"
"38a5f530-c3b6-4bd4-8aab-e00d7fd00bd5","Evelin Saddler","esaddler30@unblog.fr","27"
"517b148d-ef09-4171-a77c-5a558e2eecca","Jen Bridges","jbridges31@furl.net","35"
"e3dcfa53-0bc0-427f-a9c8-058ff0673c71","Cornelia Greatbank","cgreatbank32@cnbc.com","57"
"8342cddf-0dc4-40d5-af2d-b0d4bc65cfdc","Kirsteni Govey","kgovey33@reuters.com","16"
"30be22b4-7839-4ba6-ad38-88a07340f488","Marion Toothill","mtoothill34@accuweather.com","63"
"c33296ef-1869-44ac-8a50-824f7e303f09","Daniella Hexam","dhexam35@example.com","43"
"493971de-d410-4949-9a06-a84e813a3b36","Arabela Foggo","afoggo36@symantec.com","22"
"b7b368c7-f4d5-4094-bfd9-49117fdea7cc","Roanna Quantrill","rquantrill37@admin.ch","54"
"ab94af9f-8625-48c3-ad63-d2336ab4876a","Stesha Norfolk","snorfolk38@linkedin.com","55"
"669b374c-df58-4405-8d8f-90396cfd3e31","Clemmy Slyman","cslyman39@sitemeter.com","63"
"adf97068-9a75-4af8-96ed-0cf80e0c4fb1","Kathrine Rubinsztein","krubinsztein3a@thetimes.co.uk","39"
"ebe22d7c-a480-42bb-b879-a3d6ce28ba24","Angelia Frye","afrye3b@arizona.edu","29"
"a11add13-752f-44d5-ab37-00267aef9064","Orren McKerton","omckerton3c@prlog.org","12"
"b077cc59-55ec-474c-9015-22c068b2e53f","Mychal Dalgarnocht","mdalgarnocht3d@vimeo.com","56"
"4356f138-bede-4ea4-8bd2-f8b850d1233a","Verina Sallans","vsallans3e@bbc.co.uk","46"
"ae06ef47-0b24-4ceb-baf0-689ea818d437","Alaine Darell","adarell3f@trellian.com","11"
"8028a63a-a754-437e-9435-1fdfc531bfc0","Hank Jeffry","hjeffry3g@ocn.ne.jp","51"
"08916b4c-1215-4094-8da1-38e0b64a7375","Thatcher Kiwitz","tkiwitz3h@google.ca","42"
"70f20a3a-9cf7-4801-8154-abc9e9a61b43","Donalt Treat","dtreat3i@studiopress.com","28"
"8bd805d1-a12c-41bd-bf75-bb8ceb1630a8","Lucille Apfel","lapfel3j@pinterest.com","59"
"a748019a-1664-459a-8e56-80e71c582722","Wenda McNeillie","wmcneillie3k@redcross.org","26"
"e71e4d13-8820-42ae-96f1-4f6fdd3d4233","Garald Izkovicz","gizkovicz3l@va.gov","29"
"c52e4b37-0da6-4693-9bf2-7d745c19a231","Lexi McShirie","lmcshirie3m@tmall.com","54"
"61571b64-7c9e-41f8-b13d-32915c53344d","Audry Kleint","akleint3n@microsoft.com","19"
"ec49aa6a-5147-4dab-b385-321cb50a83ad","Andreana Bertram","abertram3o@nature.com","14"
"e343c9a4-f6fb-4f1f-ac34-69c43877fd95","Amalia Chapellow","achapellow3p@slate.com","22"
"82023adb-be4b-487f-bd68-fd9fcfab2af0","Brant Winfindine","bwinfindine3q@gov.uk","27"
"1a15311c-d2f7-4f76-b4ad-b6c7439c9205","Raynard Liddon","rliddon3r@redcross.org","64"
"6af58c23-e1ff-4ba9-929b-6b7695186b72","Ceciley Busch","cbusch3s@answers.com","60"
"46a4b138-00b9-4325-8d20-883f2770ebbc","Godfry Jersh","gjersh3t@va.gov","53"
"14c27666-e2c9-4b9f-b8f0-b58ac87e1f4f","Jessie Cluderay","jcluderay3u@businessinsider.com","16"
"e988ac09-1cac-490b-971a-f7978323ffc6","Nannie Hirth","nhirth3v@nymag.com","59"
"f92e27a2-0664-421c-9a2a-710fba5a1324","Carena Olivie","colivie3w@redcross.org","13"
"f5b0fad6-c547-4cf8-87d7-bbe2eb8a5506","Sarine MacColl","smaccoll3x@icio.us","19"
"88f94bf0-3ebf-4907-a253-db5ad3cf7c89","Deanna Clothier","dclothier3y@wikimedia.org","17"
"26a406e4-762a-4c54-b3c7-562dc9487f08","Nester Ramm","nramm3z@tinyurl.com","52"
"2717f3f5-6b6c-4dc9-97f7-a64a7b726c8a","Darrelle Bruyet","dbruyet40@flavors.me","48"
"896d3de9-2899-42cc-9be6-755bb1b8d798","Sabine Bentall","sbentall41@simplemachines.org","63"
"e470be67-9747-4b71-86e1-7b4f9968435a","Hilary Rentilll","hrentilll42@msu.edu","34"
"9da945a0-b917-44b5-9443-02aa704777fa","Elwira Enrdigo","eenrdigo43@homestead.com","55"
"36e80ce9-684e-4e46-8054-a3c3bbeadf0d","Marylynne Jacobsen","mjacobsen44@lycos.com","29"
"545a1b4f-8639-4ed2-8dc2-b1e8fa4fb52b","Elicia Tewelson","etewelson45@hp.com","46"
"60fcc07c-6f48-4523-9c76-447b990e69b2","Fredrika Spurman","fspurman46@google.es","37"
"06a8e0d3-170d-44d8-99fb-468f22aa80af","Caty Mollison","cmollison47@nature.com","29"
"0c9fc743-ad0f-4f25-a634-a15cc883c0d6","Maison Holgan","mholgan48@comcast.net","65"
"955e5d7b-f363-4d70-95a2-ea9cae30e35b","Lezley Brogan","lbrogan49@slate.com","13"
"55e85655-0722-429d-8342-bacff420c312","Salomon Weaving","sweaving4a@seattletimes.com","13"
"ddfc6a8a-41b3-4f7d-8733-a8fe17fe825f","Jenine Oby","joby4b@eventbrite.com","40"
"a84302e9-96b7-48ac-9c7b-11d66c1bcae7","Maire Maher","mmaher4c@examiner.com","32"
"c2335897-eba2-4cb4-a8c3-4d3012c76cd6","Jemmy Ebbage","jebbage4d@networkadvertising.org","47"
"144add2f-0661-4c2d-bb0b-c601d7d02aa6","Mignonne Limbourne","mlimbourne4e@cargocollective.com","50"
"e1b148ee-cb34-420e-99da-99c139556920","Mellisent Canny","mcanny4f@wordpress.org","27"
"6b8a5271-dbb5-4965-8fcb-46e031b0fe73","Onfroi Dzeniskevich","odzeniskevich4g@xrea.com","15"
"8e829cc5-7fb4-49b5-9c56-92a6d3f18397","Inna Ivanilov","iivanilov4h@blogger.com","33"
"2ef2763f-0b67-4ca2-a456-065434378836","Lesly Warrior","lwarrior4i@nyu.edu","52"
"4e313f6a-9a48-4bd4-b0b7-c433e116f4f2","Arel Northam","anortham4j@ibm.com","38"
"c6a48c6e-c1ef-4430-a9cf-b4c4f465e225","Bengt Debrick","bdebrick4k@sogou.com","21"
"d27ed22e-4862-4a26-8332-62248700983f","Heidie Rennles","hrennles4l@instagram.com","49"
"5d870b03-d44f-405f-bfb8-04d855dee1eb","Micky Fagan","mfagan4m@hao123.com","50"
"142a389f-6cef-4a8c-8fde-bbbb187e6865","Guglielmo Suero","gsuero4n@ebay.co.uk","29"
"32a3c69c-d84a-4096-a7bd-247eedbee150","Fernande Syson","fsyson4o@sina.com.cn","46"
"26a86cad-a0b8-45b8-b380-ecbcd5e9823c","Rikki Chaudron","rchaudron4p@mit.edu","51"
"244f9d33-d983-48ce-b3b4-90105c7f9ad6","Cale Tomkinson","ctomkinson4q@linkedin.com","54"
"6b236bb7-2367-41cf-bed6-b11f91e98f8e","Glynda Burriss","gburriss4r@twitpic.com","15"
"37cd427c-48ed-4c91-84ab-1f7f36301831","Diarmid Duran","dduran4s@fotki.com","26"
"6f0f3195-76f6-4638-8289-bfa08fed64d1","Ardelle Neath","aneath4t@fema.gov","55"
"f6215791-5276-48a4-a70d-7ee20541f18f","Sallie Pfeifer","spfeifer4u@cnet.com","25"
"0356c65a-ddc4-4da0-9921-98163d022967","Chlo Golda","cgolda4v@liveinternet.ru","23"
"f0bb34ed-e21d-47e6-ab73-7abfe8a8a6eb","Mallorie Davidsohn","mdavidsohn4w@over-blog.com","64"
"6f7b0b27-3a21-4dd0-960d-0cadabeaa7bb","Rodolph Mandrier","rmandrier4x@drupal.org","48"
"a791b8b5-1e7a-40ae-866f-b57c6c603a6d","Rafi Ransley","rransley4y@yellowpages.com","39"
"cdd83e3f-bc40-4136-9d97-42efbd1c7f4a","Chic Shields","cshields4z@jiathis.com","47"
"a615d835-c339-4412-b260-81a4f85f8e38","Minny MacVaugh","mmacvaugh50@newyorker.com","43"
"2d7b0ff9-f304-47fb-ad09-c93408da883d","Cale Nunnerley","cnunnerley51@nydailynews.com","51"
"3b7fcb38-3302-4e4e-b5f0-8864007d357d","Inglis Margach","imargach52@sakura.ne.jp","37"
"2e1fe0bb-d3fd-4014-a5c7-00841d4a1891","Moshe O'Mullally","momullally53@fda.gov","55"
"6397eefc-19a4-44d0-90bc-245d33226ec8","Noah Penlington","npenlington54@domainmarket.com","60"
"ec4a1bc3-33a3-4a22-bacc-20710e22ecd1","Max Curteis","mcurteis55@mapy.cz","18"
"4bbdbf97-f15d-4d2e-8196-43b1ff51b8a1","Rosmunda Luckie","rluckie56@dedecms.com","36"
"9c7b8387-1b11-4e94-91e6-f4f588060c3d","Norine Keyho","nkeyho57@marriott.com","23"
"c9d8f5b2-04b5-42e5-8ad8-a8d38f98e567","Reube Ranaghan","rranaghan58@bizjournals.com","46"
"1ce9022b-d062-4a00-a92b-733ffd529a31","Avery Caulton","acaulton59@360.cn","38"
"2c8ca4b3-54a2-4fec-b324-93d0e62c729f","Ramona Eastcourt","reastcourt5a@weibo.com","42"
"956db2c0-82f8-4838-9504-868841632c80","Law Muzzall","lmuzzall5b@youku.com","37"
"77b0b674-3ea8-46c4-a63f-af83ad8096fb","Poppy Itzchaky","pitzchaky5c@yahoo.co.jp","22"
"71718403-e15b-4adf-a1df-6307ba923ab1","Natala Ferrand","nferrand5d@example.com","29"
"4b6caab8-31b1-4729-8e35-3476c79aba17","Merrile Bride","mbride5e@bravesites.com","27"
"549460d4-faa6-4dc3-aba4-6abc8765fbc5","Eugenie Hurl","ehurl5f@deliciousdays.com","44"
"bba98a80-2e7b-4ff7-8200-83c789cf34ea","Shae Scrivens","sscrivens5g@google.pl","34"
"e8f166a6-e8b4-4844-b9f2-f8ec5ccb1ea5","Gran Coddington","gcoddington5h@salon.com","19"
"34f47ca4-87ec-46d7-ad26-57cca8d81376","Celisse Crosseland","ccrosseland5i@dell.com","46"
"af48574a-7baf-41e6-a6b6-bc62e1258f6a","Hedvig Fouracres","hfouracres5j@cbslocal.com","12"
"adef8c70-cbed-4d1d-ad51-eee745e5dce8","Bibby Pucker","bpucker5k@pcworld.com","11"
"94f07d0d-2bc9-49f2-b062-5c156f9ff879","Sisile Synke","ssynke5l@bloomberg.com","54"
"ee383102-f2ca-4eb4-b818-fdd6c378f2d0","Trixi Mumby","tmumby5m@usda.gov","50"
"3eab7cc2-b0a0-4e58-ae66-1c93ec5a5344","Terrance Gowthorpe","tgowthorpe5n@timesonline.co.uk","47"
"e8e4b08e-3b86-4265-9d6d-410b15517a1d","Symon Domange","sdomange5o@desdev.cn","11"
"5cb0eb1e-1581-4f5e-9d31-c094a9dd627b","Dione Piatek","dpiatek5p@canalblog.com","58"
"889f97e3-0d50-4aab-a732-dac5f8fc9dac","Urban Lorence","ulorence5q@cyberchimps.com","32"
"0d9084bf-1b15-4678-a312-d4d2065aac70","Othilia Longdon","olongdon5r@naver.com","22"
"8bafe13d-cc95-4bf6-a9c0-58f4d0d1303c","Upton Gyles","ugyles5s@geocities.jp","49"
"e7b0813c-f105-4f2e-b0ff-02126596bae0","Bennie Carwithim","bcarwithim5t@bandcamp.com","18"
"f2b27c38-56cc-47fb-b1ba-bc065c6f33b8","Bennie Fountain","bfountain5u@disqus.com","22"
"ad4decb6-9227-4086-b801-b0ed189ce113","Kurt Omand","komand5v@apache.org","63"
"b1c5f62c-cd2c-4382-98ba-e667764f3637","Mellie Glendza","mglendza5w@shareasale.com","43"
"47857c49-37c1-4df7-9be2-97cc71793000","Katharine Cote","kcote5x@redcross.org","61"
"b92d66c4-421d-490a-a91e-d87a169fdadd","Berti Oliphand","boliphand5y@princeton.edu","46"
"19a186fd-8d98-4d11-a29b-b04d477c1019","Pryce Barme","pbarme5z@shinystat.com","58"
"6458fd37-1c75-461a-a419-a314bbf0fa86","Sawyere Mynard","smynard60@over-blog.com","15"
"c7ca1feb-54c8-4825-ba2a-e3ec36b2b014","Jilli Pawellek","jpawellek61@senate.gov","45"
"1dc46370-c861-41ab-9ec6-4059502c3898","Arnuad Mohring","amohring62@reddit.com","53"
"9ca7fa17-427f-4539-a994-41d9f0fc4289","Cad Crosetti","ccrosetti63@boston.com","61"
"2489c966-7d65-4d2e-a5b9-442be18340dd","Megan Bastable","mbastable64@bloglovin.com","38"
"fc7fa1c3-5b12-4bd6-807b-086f5e7a450d","Randal Yakuntsov","ryakuntsov65@timesonline.co.uk","37"
"bdce7575-6c05-4b5f-a123-71f771bdcce1","Tadeas Stenyng","tstenyng66@mail.ru","33"
"df3b4ce5-00fe-4490-b848-bf3022b684b5","Bette Housin","bhousin67@upenn.edu","25"
"2bb34973-a4dc-4395-9c1d-cd46664a9ebb","Magdaia Moberley","mmoberley68@ustream.tv","26"
"a7b90e3e-1496-4bcf-8497-a7594a50b84c","Alexi Steptoe","asteptoe69@examiner.com","60"
"c7728bd7-f724-4d15-b3e7-c37ec491bad4","Thorvald Allix","tallix6a@berkeley.edu","24"
"6fb006a5-a6d1-494e-9221-3ca3ec410c19","Avis Dawtry","adawtry6b@virginia.edu","36"
"65b7202e-3c04-4496-aaa8-27e00dd3cc18","Yule Heak","yheak6c@ft.com","40"
"f28c66e0-dc72-4067-a72d-652ce0587cac","Octavius Hayne","ohayne6d@google.co.jp","59"
"f0bc441b-1856-4279-8a40-9c366be3c68a","Leisha Quarry","lquarry6e@spiegel.de","15"
"8bfae1fd-e584-439e-94be-658b6e55f25e","Tad Felgate","tfelgate6f@imageshack.us","65"
"7cf3875b-538e-4f8e-8e25-f5de69ea171f","Abbie Pridmore","apridmore6g@army.mil","27"
"8b263157-cf16-4a31-94eb-baef762f5cac","Bathsheba Flott","bflott6h@php.net","27"
"fc3092ae-a2f3-446c-bedb-ec33fe3213d6","Robinson Quillinane","rquillinane6i@cnn.com","54"
"4473e7f1-1b0d-4b43-9f09-53499b908102","Thorstein Kochlin","tkochlin6j@posterous.com","41"
"11e32adb-6509-487d-ada2-33f7384c4cfa","Alasteir Knott","aknott6k@auda.org.au","21"
"53edf7da-1cb5-4c75-b157-ecf9192a9743","Nikolai Adami","nadami6l@soup.io","17"
"8b4f262a-5477-41b2-a904-d2dd753fea38","Lana Wimmers","lwimmers6m@phpbb.com","29"
"aafa4007-6315-4e9c-a69a-2680e90ee1cc","Brandy Atlay","batlay6n@canalblog.com","48"
"52dba6da-b10a-4375-b36c-2102764df9ef","Hort Goatcher","hgoatcher6o@cdc.gov","39"
"d9f30a86-9842-46e6-a4e3-137204e5f6d6","Baily McKinty","bmckinty6p@newsvine.com","38"
"72cb492f-0cdb-4b38-858a-b11d32a2587a","Wendell Briddle","wbriddle6q@google.com.hk","56"
"7435766f-fbd6-4a34-90c3-3b0e854f0560","Base Brettor","bbrettor6r@ovh.net","27"
"278b8710-d6f6-41de-914d-2c92eb8c134c","Anabelle Benko","abenko6s@webmd.com","19"
"768506dc-5934-455b-8b2c-b3d8fd5f9fa2","Paul Aldis","paldis6t@ovh.net","40"
"6d2e3216-b3be-4a46-a3b1-7798a5d93b9f","Flemming Philson","fphilson6u@ebay.co.uk","49"
"2d158a89-c2cc-4817-a9bb-ebf2254ff4c6","Isadora Milstead","imilstead6v@sfgate.com","46"
"f58dd2bc-c2e6-49e9-aa89-165f1b2264ea","Leonelle Reuter","lreuter6w@jigsy.com","11"
"955216fe-9f7b-4b34-a72a-221da5656e85","Kara Jakubowsky","kjakubowsky6x@pinterest.com","12"
"7f9d3ec7-dc7a-432b-8158-52813a00d94b","Isahella Senner","isenner6y@msu.edu","25"
"1c7624c0-b921-47d2-8711-5ba40606fa5f","Cedric Rule","crule6z@cbc.ca","30"
"86f8d0a4-bb9a-4f22-becb-950449fea2d9","Tann Currer","tcurrer70@nps.gov","23"
"1a782a9e-fe83-4c32-82fc-fed086219c0b","Kate O'Day","koday71@digg.com","36"
"99760fa1-b333-4d97-9197-df934b5acc40","Virgie Goggin","vgoggin72@columbia.edu","36"
"71d9ee41-e1d0-4b6a-90cc-9124c4548523","Kristos Barbisch","kbarbisch73@si.edu","23"
"2ca921b2-53fe-4f34-ac3c-d80d3102076a","Xenos Marler","xmarler74@geocities.com","26"
"a5f2b086-33f9-4ae0-be3d-14e5cb261598","Francisco Minear","fminear75@ovh.net","27"
"0d062591-e557-4346-b0ae-a31a50864f8d","Ardeen Wong","awong76@1688.com","14"
"0f99610e-df65-4f9a-8b5b-182b6a91053e","Sloan Adamski","sadamski77@e-recht24.de","20"
"4d7e378e-e855-407c-8432-9f7b9b02047c","Kalina Gunther","kgunther78@moonfruit.com","17"
"aa322fb8-c5b7-48a4-be62-88a2eb7d3211","Meg Tubritt","mtubritt79@omniture.com","34"
"c4355c4f-86ab-4374-8d4f-881880bdd01e","Leonid Morfett","lmorfett7a@go.com","16"
"7634df3a-5f64-4b23-9662-8c23da2ec42c","Daveen Ranner","dranner7b@google.nl","47"
"783a3481-a361-4499-9a1d-c0b54b016326","Brit Parchment","bparchment7c@theguardian.com","19"
"737ef2e7-68a3-4818-87f6-4f0ff1f29a57","Ignacio Joseland","ijoseland7d@sourceforge.net","25"
"992b83d9-be3d-464e-9968-b04c41095303","Wilhelm Crosthwaite","wcrosthwaite7e@netvibes.com","42"
"18e84ad9-b2cb-453a-87de-1fe4d4713ef0","Vincent Spalls","vspalls7f@columbia.edu","43"
"e58fbf94-2d8e-43a1-83bd-4dc1ac8e486c","Louella Henzley","lhenzley7g@mapy.cz","33"
"e1b07863-2048-40cd-be75-5f9d6d628513","Inness Burberow","iburberow7h@weather.com","28"
"a45557c6-1c6f-4635-9771-18849afb8bc3","Maude Linnitt","mlinnitt7i@wikimedia.org","20"
"35812555-bf6c-41b7-8d4a-fdbc3dc3f90a","Bernard Tuckwell","btuckwell7j@google.com.au","49"
"8e2c8fa8-b3d5-4ae4-bdb7-845286c6dd3a","Kennie Gitting","kgitting7k@shop-pro.jp","55"
"b8b6143a-a84b-4eeb-8062-e8719666abfd","Ringo Burke","rburke7l@etsy.com","44"
"60053b1f-5d03-4c07-887f-e352d6c7773c","Ira Staley","istaley7m@china.com.cn","54"
"bed95fe1-6a69-4322-8f1f-c4586477afbd","Allan Urion","aurion7n@uiuc.edu","53"
"5f7b0008-68ad-4f57-9348-38aee1594225","Martyn Bratten","mbratten7o@delicious.com","35"
"8399eee9-35ae-4e95-a6ff-68f4025f7e94","Saw Lawman","slawman7p@webeden.co.uk","46"
"a3d564d3-e984-44f6-bd1f-d33652eca4f8","Hester Kirtley","hkirtley7q@hhs.gov","31"
"abe2d17c-5ea1-4b5c-9006-a0e01cd9d1a6","Moises Gollard","mgollard7r@altervista.org","31"
"cbd6afc0-52c1-4671-ad21-9628a5b3daf9","Tarra Simcox","tsimcox7s@virginia.edu","49"
"e6a36335-1638-40a9-bbde-07dc9f19ea40","Crichton Wafer","cwafer7t@princeton.edu","29"
"2b266508-daa9-409c-87dd-88eceb5ef4da","Leonore Sampson","lsampson7u@theglobeandmail.com","42"
"b76d3470-9dbc-4ead-8e83-62e5ae7ae001","Vanna Frigout","vfrigout7v@eventbrite.com","35"
"0161c21b-9c7f-4976-af97-63e5ab175738","Odella Monsey","omonsey7w@ezinearticles.com","14"
"07ba08fd-b42a-424c-b8af-ee9532008157","Abie Wards","awards7x@home.pl","33"
"dd231786-78c5-4e1a-b3b9-015589724a05","Matthias Duffet","mduffet7y@msn.com","65"
"2bd1f556-f0e9-48c0-a6d5-a598620091c6","Marcellus Howells","mhowells7z@w3.org","36"
"ce70ea32-ac9b-4653-ad36-0a2efe257bb5","Franky Leinthall","fleinthall80@simplemachines.org","30"
"e2938e84-5355-4084-8aa5-5820783ee0b7","Vinnie Naismith","vnaismith81@w3.org","60"
"1f4ea471-0ad4-44b4-a95e-1a22f5a5fe7c","Dun Brewerton","dbrewerton82@techcrunch.com","31"
"b6a957df-9015-4040-becc-6af79ed30627","Josselyn Ivasechko","jivasechko83@mysql.com","17"
"50aa594a-b410-4bff-977c-698a96620b92","Tasha Bartlomiej","tbartlomiej84@tumblr.com","38"
"48e0db69-e3ff-499b-9fc4-e2a1418d3849","Cherilynn Farmer","cfarmer85@tripadvisor.com","63"
"99743237-32c8-41d9-971a-309fc870c858","Talya Le Pine","tle86@sakura.ne.jp","42"
"0bb1cac3-4bd2-4f9b-a043-d9977af05481","Linn Steggals","lsteggals87@webmd.com","11"
"15939a3f-51c0-4381-abe3-a4e600c3240a","Frans Milkeham","fmilkeham88@google.com.au","38"
"f7502ae7-3c30-45a6-81cd-f99a10b77c4c","Addie Livsey","alivsey89@phoca.cz","40"
"f80ab8f4-16ef-4319-805d-492c11137975","Darrick Cullingworth","dcullingworth8a@is.gd","27"
"ac79fa24-67ba-496b-bb8d-e09b6a9d818f","Mata Imos","mimos8b@sitemeter.com","25"
"0c5d33ac-304d-4f6a-a7e5-85e3687f5435","Dom Castelyn","dcastelyn8c@simplemachines.org","25"
"e5c0061c-6894-4317-975b-2016bd1c914b","Dori Thompsett","dthompsett8d@thetimes.co.uk","38"
"ce4eb5e8-ac13-49f6-9473-86c995234d33","Katharyn Dorling","kdorling8e@ftc.gov","58"
"0e256087-33f9-47a2-a19b-9a0fd1aca19e","Mandi Mulbery","mmulbery8f@msu.edu","42"
"2df863fa-6bf3-43de-b819-714b3601c2aa","Bobette Oller","boller8g@jimdo.com","19"
"e3d63394-8d28-4c95-846f-00f9bfcd3596","Joelly Anfosso","janfosso8h@princeton.edu","58"
"de1a6292-a55f-46f7-866a-671a991fc2ed","Sara-ann Bonafacino","sbonafacino8i@t.co","61"
"ad59e38e-6495-4f87-942c-796c2575bad9","Gilda Hassett","ghassett8j@telegraph.co.uk","39"
"283bc7ca-e1f8-4e29-b052-1c6843d2b5b7","Melosa Hughes","mhughes8k@elegantthemes.com","43"
"6f7de6b8-dab5-419f-98ac-e7b05f07fa37","Berthe Soigne","bsoigne8l@jalbum.net","31"
"8fb81faf-6c42-44dc-bf15-80a1725a13b2","Nan Littlefield","nlittlefield8m@issuu.com","21"
"e9d1a02a-54b8-4b1e-b1d4-f502858beb87","Mycah Finder","mfinder8n@tmall.com","11"
"4e27d798-fc6c-4dcb-aafc-67bce30ac01c","Trenton Ollerenshaw","tollerenshaw8o@networkadvertising.org","31"
"67013b43-f062-4b51-8c09-a6ffdc3a7494","Tillie Camidge","tcamidge8p@istockphoto.com","28"
"4c469ae8-bd4b-4687-bb91-ce92eea3d023","Marius Gaw","mgaw8q@1und1.de","22"
"780dccba-5a2e-4c3d-8a8d-1a598094085f","Frieda Mooreed","fmooreed8r@howstuffworks.com","29"
"b08a8191-6226-46b4-943e-bfb314543696","Paulita Bisset","pbisset8s@illinois.edu","43"
"8ddcafd1-1167-44d7-a097-c5b7888b6c2e","Camellia Page","cpage8t@tripod.com","27"
"2ff9ff1f-6222-4837-9f97-6170024b4476","Corabella Stopforth","cstopforth8u@accuweather.com","23"
"8403463a-741e-42e9-9c51-817b3af1be54","Winny Suttling","wsuttling8v@biblegateway.com","47"
"f10e0765-b753-4e36-862b-790bc1368607","Aurelia Kiledal","akiledal8w@exblog.jp","29"
"26de6f26-63bb-4265-a645-9cd769f0b9a0","Winthrop Gaiford","wgaiford8x@quantcast.com","65"
"c7a2db5e-9e48-4361-a01b-01c21ddb5f58","Bidget Carlyon","bcarlyon8y@economist.com","64"
"06a5e26e-3bfa-4515-932f-fdb23e3294fb","Harriett Sainteau","hsainteau8z@boston.com","17"
"a14de041-d1ac-4dee-95ab-428161958bc7","Issie Lefort","ilefort90@senate.gov","47"
"125364b4-708a-406e-87d9-3d4ac1b08122","Virgie Jorck","vjorck91@flavors.me","12"
"8dd8d1db-3158-49dc-880f-0a973a78022a","Noni Ivic","nivic92@oaic.gov.au","16"
"0e2a037c-927c-4b55-8861-b625460f2bb8","Nicoli Mixer","nmixer93@mayoclinic.com","59"
"697864ce-0289-4dde-952e-206fcd14c7c8","Morganne Van Der Vlies","mvan94@t.co","38"
"4dde4d57-ee81-4c40-9706-a0d059a2fdbe","Althea Tuckwell","atuckwell95@t-online.de","38"
"0fbf637d-ef66-4fa4-8d96-a2599c944742","Anderea Woolerton","awoolerton96@wordpress.com","59"
"d547f45e-e1f8-4025-9cbc-f031c7a7118b","Friedrick Lafond","flafond97@printfriendly.com","17"
"fe5355e5-a506-431c-aaf9-6377cd2ea41a","Archy Battrum","abattrum98@amazon.co.jp","18"
"ef0f708e-ff1f-4b35-9c3e-c691040ad20c","Roderick Cartman","rcartman99@guardian.co.uk","37"
"a9799f27-a56c-40b8-b472-ea5f626bcdcf","Katina Redmayne","kredmayne9a@tuttocitta.it","28"
"dee4c528-2619-46bf-892f-ff72bbea5034","Cilka Bome","cbome9b@ebay.com","58"
"1c86a8f4-e719-4ca6-89d8-6b327d8402d4","Aviva Robichon","arobichon9c@so-net.ne.jp","13"
"0931f388-f1b2-464d-b0bf-be8927577c40","Sammy Cocker","scocker9d@seesaa.net","37"
"9bb3473f-bc8f-4d83-96d2-7c843d1ea683","Anastassia Goldes","agoldes9e@phoca.cz","65"
"b83b14c2-d55d-43de-aa50-8a3281eaf511","Norris Goligly","ngoligly9f@google.de","44"
"8e247691-a37f-4b77-a036-104b14eba86b","Tammie Stidson","tstidson9g@earthlink.net","36"
"01b59f6b-38c3-4f03-8c80-afdcf0b0889d","Terrie Gronaver","tgronaver9h@rambler.ru","17"
"b30d3583-57a3-4291-972d-b90d00ff67c7","Erich Picford","epicford9i@globo.com","59"
"ef90e894-a86c-4fdd-b02a-7d5628704342","Sammy Bertolaccini","sbertolaccini9j@youku.com","45"
"c2b20df7-cdd1-4f2a-918b-35b1e3a03103","Decca Janodet","djanodet9k@trellian.com","50"
"b4cbf7f2-ffb6-4788-84ee-8ae75e1fe542","Chicky Mottershead","cmottershead9l@fc2.com","20"
"210ed091-92cf-49bd-8119-5018b14ce099","Emelita Georgeot","egeorgeot9m@ox.ac.uk","42"
"5bb8ea03-ef4d-4aad-8a8c-721eba0e2284","Say Colleford","scolleford9n@bbb.org","29"
"210df5f3-91d7-4a0a-9c9a-c4ab64342ee4","Marinna Vye","mvye9o@ebay.co.uk","52"
"741fcb32-147b-4139-9403-75c8c8448d0f","Ellie Ommanney","eommanney9p@creativecommons.org","25"
"d7a8ed06-1777-4c27-aa1d-40bd38d25d60","Gilda Oglevie","goglevie9q@devhub.com","22"
"4943e988-459d-4440-b656-03a544379886","Marji Buzine","mbuzine9r@google.ca","64"
"d22fccd0-e87b-4f05-b238-d05485f82fb3","Meghan Herculson","mherculson9s@qq.com","49"
"6f39d3a3-4028-4ce4-845c-56a67c1de944","Alexandrina Dalyiel","adalyiel9t@gmpg.org","24"
"ebcefdc4-f587-46cb-9e42-b842e9f5fa02","Jody Leadbeatter","jleadbeatter9u@ucla.edu","22"
"836c54fd-3e48-42e7-8799-2d936f96cf3c","Kessiah Farfalameev","kfarfalameev9v@sohu.com","64"
"7b880b16-5448-40fb-897f-0fa56b1ae1c0","Marin Taphouse","mtaphouse9w@businessweek.com","43"
"26beb132-35e3-4983-98f2-6a8aee014b4a","Linea Chishull","lchishull9x@clickbank.net","60"
"42d84a1e-d41f-4e11-9dd3-dcae9035bf0e","Elinor Rickasse","erickasse9y@archive.org","51"
"4c95bf9e-a6ad-4d07-aebb-7f6489890da3","Gleda Hayth","ghayth9z@japanpost.jp","36"
"951734a8-080c-4c54-aacb-553acc81ab10","Nate Cruddace","ncruddacea0@vimeo.com","24"
"473515a7-c15d-4baf-a78b-b6f77d15598f","Elsa Alcock","ealcocka1@de.vu","40"
"b4505985-1393-4fed-8139-ea3ffadf072a","Garey McGann","gmcganna2@home.pl","54"
"5ac0d82b-af50-4db7-ad7f-e8f033366384","Marrilee Luckwell","mluckwella3@bbc.co.uk","52"
"7cc0c40f-7d80-4582-8f78-7da9027c4d83","Joel Klasing","jklasinga4@youtube.com","51"
"1d97ee6d-91da-4c73-bf1d-63d936643e4e","Gabe Blowne","gblownea5@infoseek.co.jp","57"
"7c22762d-2830-4db4-97ad-08a33618e362","Darrin Gypps","dgyppsa6@cyberchimps.com","45"
"24ea0398-9f7d-4951-8b3f-ded67ad21df4","Colin Yarmouth","cyarmoutha7@wikipedia.org","62"
"c991bc5f-66ba-4585-97aa-0fcc19fac2ac","Vasilis Bucky","vbuckya8@homestead.com","52"
"32c2f51b-71c2-4d2d-957b-567e1aa71f83","Benjamin Swigg","bswigga9@godaddy.com","32"
"22eade6e-6c15-4bcc-ab76-93f3c78ce5ae","Marlene Ert","mertaa@accuweather.com","63"
"3dcce083-f5ce-4dc2-93f8-60e5710a01de","Georgianne McCrann","gmccrannab@moonfruit.com","37"
"9978efee-ee25-442c-b551-ee0fe021ee05","Windham Goggan","wgogganac@spotify.com","28"
"433bea4a-7aab-4d91-99a9-d4de66597af6","Missy Matyushenko","mmatyushenkoad@plala.or.jp","50"
"0f2a45c0-e9f5-43a1-b879-32039759d918","Rollie LLelweln","rllelwelnae@nba.com","27"
"51ce8633-77fd-44ed-badf-9a5a2ba59f5c","Layne Sainsberry","lsainsberryaf@bluehost.com","51"
"0d2aa65c-415c-4b84-8d79-4d6e81a31abd","Mada Cormode","mcormodeag@cmu.edu","62"
"c439bf38-ece9-4a17-bf98-8407821dfc76","Delmer Bier","dbierah@utexas.edu","38"
"f253318c-69c4-4960-9e1d-d1ebd2448e93","Lucila Arp","larpai@php.net","63"
"fd321c7f-6892-4a06-8c8a-cc88b161176f","Rea Gowrich","rgowrichaj@timesonline.co.uk","22"
"9a6c4eae-3c77-4138-8e8b-81849bdbac2a","Jerry Tures","jturesak@theatlantic.com","14"
"18e14119-d68a-442e-9615-ac40af281075","Kienan Corcut","kcorcutal@businessinsider.com","61"
"630fd5b5-27c3-48e1-a7f4-feaaebba57f9","Maire Lissandri","mlissandriam@google.ca","23"
"119cf0d9-c178-4bfd-b4da-231718bb156f","Vittoria Stothart","vstothartan@youtube.com","51"
"5ed5588a-ff92-4753-935d-46f7d8dcf50b","Karlee Torrecilla","ktorrecillaao@google.com.au","51"
"c18b441e-acc8-405b-b4ba-a1a3efde6448","Marney Chasemoore","mchasemooreap@storify.com","60"
"6a188342-5add-4c5a-8bd5-cc8629c44ea9","Jerald Safe","jsafeaq@cam.ac.uk","12"
"99bd9925-2d31-4cb7-a542-ede12462f7d4","Simona Kenen","skenenar@reference.com","20"
"380b4cba-8a8a-48c8-8dea-bec74ca8b58a","Agace Swidenbank","aswidenbankas@gnu.org","40"
"b631e301-6050-48ab-bafe-cfbe951d9aec","Dana Mallison","dmallisonat@senate.gov","50"
"930abc92-314a-4bbd-b2f4-54e568ba07c8","Winfield Bouchier","wbouchierau@ezinearticles.com","40"
"df5ca644-4ceb-41e5-9fdc-1f5ec09b937e","Kayne Ridgedell","kridgedellav@shop-pro.jp","61"
"4770f805-477f-4dc6-9a36-97fe339591b1","Lari Kitcat","lkitcataw@ask.com","60"
"fec0cb06-3580-4eec-89c6-a6ca5b53ad19","Jeni Summons","jsummonsax@kickstarter.com","64"
"cabcd15e-2741-439e-aec6-66cabdd796aa","Gussi Hynd","ghynday@noaa.gov","47"
"25d7c331-8c04-490e-8992-e9c21838c230","Maude Gerding","mgerdingaz@acquirethisname.com","23"
"3a618781-ac4a-4d51-8162-0fb23746d0de","Pablo Eaglen","peaglenb0@creativecommons.org","63"
"f32a5812-d74e-41d0-914c-2e50e849bda4","Thaxter Glancy","tglancyb1@deliciousdays.com","62"
"9b33ff46-c6b7-4387-b0ed-63e33153184f","Giulietta Scrammage","gscrammageb2@sourceforge.net","40"
"075e2f51-6a3c-4d9c-ab58-6721cdf372f0","Betta Stovin","bstovinb3@simplemachines.org","15"
"5060b813-370e-4f09-aab7-e8c6903ac09c","Morgen Harradine","mharradineb4@e-recht24.de","37"
"c5ead7cc-6e85-490d-be19-31bee6a9a4b9","Trueman Dooly","tdoolyb5@seesaa.net","22"
"31531b5d-4b6f-48f4-a686-80aa9bc5da97","Hanson Orrick","horrickb6@pbs.org","40"
"a19d1147-360e-499d-9947-a95fce5f0f3d","Xylia Childerley","xchilderleyb7@europa.eu","53"
"415d05eb-d709-4f29-b5fd-b83fc93914ea","Eldon Gillopp","egilloppb8@webeden.co.uk","20"
"4cde8165-f823-47e8-b223-55f25015d98c","Lodovico Girodias","lgirodiasb9@hexun.com","36"
"bf8f3ea7-7002-4e48-8b20-a7dfb2e3701a","Bo Gittus","bgittusba@reuters.com","47"
"1d647eee-01f2-4f6a-8d95-4b66a1335540","Christi Goldsworthy","cgoldsworthybb@techcrunch.com","63"
"e98c844d-222d-4066-bc49-9fe869ae0c3e","Terrill Rose","trosebc@shutterfly.com","13"
"94fb2a96-c3e3-4027-a82c-ffebf74feaba","Thoma Golightly","tgolightlybd@com.com","41"
"849a8872-0f3b-43fc-b5f5-d7280baed1e1","Rodolph Eldred","reldredbe@sciencedirect.com","50"
"86e82ea4-8ef0-4ca2-b224-f5d7179242f8","Zaria Darragh","zdarraghbf@wikimedia.org","65"
"138c3d7f-d10f-4dbc-bd98-c8726ae59208","Liz Giacomi","lgiacomibg@about.me","12"
"9d1fe592-65d7-4830-b3a8-b9266d2a929e","Gayla Pethrick","gpethrickbh@gnu.org","43"
"069daccd-1d3f-4f36-bbf2-62d694a45d92","Winna Garrity","wgarritybi@arstechnica.com","25"
"e2e51f92-a3d8-4ae8-a7d5-ed18e6216318","Mill Ellens","mellensbj@home.pl","64"
"0e457558-4b22-461c-8dea-4c57775d5aa0","Theobald Winpenny","twinpennybk@weather.com","22"
"8e630288-aca9-499a-bd11-2b20db6f5980","Jefferson Ethridge","jethridgebl@telegraph.co.uk","56"
"78c59168-09a8-45a4-9598-2417d485c291","Bethanne Lyford","blyfordbm@behance.net","15"
"7f127b70-d541-475c-b22a-fd56c476a443","Almeda Leil","aleilbn@sfgate.com","15"
"8084107a-04cc-4876-bb3c-ca0191dbcb8a","Horacio Jenkerson","hjenkersonbo@indiatimes.com","40"
"e04621b0-38ec-407d-8359-797c962098bf","Kendal Shalliker","kshallikerbp@house.gov","26"
"43bbf4a3-6737-40a3-b034-ae3e4663596d","Nealon Colthurst","ncolthurstbq@dagondesign.com","58"
"fb936ee4-9ee9-4ee3-9caf-144b77722059","Virginia Josef","vjosefbr@narod.ru","56"
"67bf291f-09dc-4040-bd3b-82b7ed34a318","Ed Ingall","eingallbs@about.me","23"
"6e514311-aef9-40e2-85e5-ca615311c7cc","Goldi Pescud","gpescudbt@fastcompany.com","30"
"e35223a3-eceb-4fa3-91ab-779ff1f2389a","Eugenio Harbage","eharbagebu@xrea.com","17"
"67a1c22c-5677-422c-aa31-49bf0893797e","Bird Trainer","btrainerbv@apache.org","60"
"cf52e7f7-51b3-463f-bbcc-3eb391d7e28b","Zara Stillwell","zstillwellbw@canalblog.com","48"
"00c3d157-eaf6-4cc3-8bfe-d519a01e769d","Daveta Gilligan","dgilliganbx@barnesandnoble.com","49"
"5b5fac0b-dde7-4224-a35e-6ea80df4b3b2","Minerva Fancourt","mfancourtby@unc.edu","35"
"6734ae39-24ba-4697-8d2b-936c242401d7","Cheston Dandison","cdandisonbz@gravatar.com","57"
"0ccf2244-d529-48c3-9df2-136d93d2f982","Timmie Olsen","tolsenc0@rediff.com","49"
"eb49a01e-1335-4d8e-83fe-e49a2afb7112","Danya Ockendon","dockendonc1@google.com.au","53"
"06adab44-6d60-4e74-b802-57f132f7f88c","Orion McCritichie","omccritichiec2@soundcloud.com","15"
"681f4657-fc67-480b-9dbb-a679f505364d","Zacherie Lambotin","zlambotinc3@ustream.tv","62"
"20ea5309-1b5f-4196-85f6-f2c0c84bea59","Monah Caselli","mcasellic4@aboutads.info","50"
"a5332fca-bd4e-4024-8cbe-7133eb493ded","Amble Penberthy","apenberthyc5@dailymail.co.uk","58"
"5ea74932-1101-4d49-8eb2-526dbaf15ca7","Barbara-anne Letcher","bletcherc6@forbes.com","61"
"591c0fab-e3fa-4618-96b1-46c885e8ce07","Sherwin Hilldrup","shilldrupc7@pagesperso-orange.fr","38"
"d5b6539f-59e4-4c39-815b-e3db2eb174c4","Boote Capron","bcapronc8@sitemeter.com","32"
"c9977c84-b38d-473e-a0c9-7d871122c2bf","Fredelia Garlicke","fgarlickec9@freewebs.com","28"
"dab68a10-90e9-458b-8156-3703b7ef2bf5","Michal Colbourn","mcolbournca@exblog.jp","61"
"0056d78e-1674-4862-8baf-3ceee7ec6799","Maynord Battman","mbattmancb@1688.com","43"
"633c7b0a-07c7-4888-bfb0-47db742cd55d","Ximenes Mervyn","xmervyncc@blogtalkradio.com","14"
"6e1a82d1-d089-4d44-971c-1a6aca601c42","Kellyann Mollison","kmollisoncd@indiatimes.com","56"
"1348b77e-d632-4d0e-9d0c-cd192ded48b9","Lindsy Dunbabin","ldunbabince@purevolume.com","13"
"f7aa18bd-10d0-4bb0-9408-9599298f3376","Candida Islip","cislipcf@reverbnation.com","51"
"9c8526d5-a6de-4e9a-83e3-9eeb839608cd","Lilia Ternent","lternentcg@ucoz.ru","63"
"9f5e1a81-7184-4655-8387-0136bf93ae79","Kip Minelli","kminellich@scientificamerican.com","39"
"9e495e3f-6b58-4f3e-b5eb-bb5162df9258","Sidoney Douthwaite","sdouthwaiteci@squidoo.com","55"
"987c50b8-edc7-488b-b951-068b0c4efe0c","Feodora Dimelow","fdimelowcj@tinyurl.com","24"
"2d6c928d-8fe7-4feb-932d-bdb0ca1350c2","Purcell Nolder","pnolderck@is.gd","16"
"68cbf98a-8a42-473d-92f0-ceb2bac0192b","Raviv Caldeyroux","rcaldeyrouxcl@joomla.org","51"
"eded9f2c-2c79-45d5-8052-37c46688cb5c","Melvin Riolfi","mriolficm@gravatar.com","65"
"7752bcc1-1cbc-4f8d-8f7c-0926331daa8c","Teodora Been","tbeencn@foxnews.com","15"
"cc47957f-c2d5-41cc-9fda-5dc06c8beef1","Thaddeus Rowesby","trowesbyco@prnewswire.com","42"
"86950946-e2d9-453d-be61-b917cabefb7a","Solly Tendahl","stendahlcp@facebook.com","41"
"b58d7901-6130-47ec-8541-f17536972c2a","Nikki Windross","nwindrosscq@twitpic.com","53"
"53cbf651-b8e8-4979-bd2e-a1c4d65f516c","Rayner Minter","rmintercr@elegantthemes.com","15"
"0d8dff67-038a-41a7-8926-ed9d73796f89","Korney Roke","krokecs@wikimedia.org","21"
"da1bccc6-3275-477e-b014-e753e9797543","Milly Trevena","mtrevenact@edublogs.org","17"
"7c1c90a8-ca01-4c09-9b12-616ad64fe773","Domeniga Crowter","dcrowtercu@uol.com.br","35"
"2f88c12d-6907-4f5c-b1f5-2b78c07120c2","Trefor Pentycost","tpentycostcv@latimes.com","60"
"461d5318-f201-4140-ada9-12dd76d73d1a","Cesaro Lafranconi","clafranconicw@utexas.edu","55"
"9292c710-ece9-4699-baa8-dfc3cfb16b4f","Hildagarde Drinkhall","hdrinkhallcx@studiopress.com","49"
"cf606a0f-5c6c-43e7-80d4-f8058d077f87","Isidora Archambault","iarchambaultcy@biblegateway.com","42"
"6a2f91fc-d58d-4151-b236-f696cef3a022","Paola Thurlbourne","pthurlbournecz@ycombinator.com","26"
"c222b824-aa30-49f9-83f1-ae21b92f81d8","Cleveland Lisle","clisled0@imageshack.us","38"
"d4b85dc6-26b5-4086-bcbd-39d15997f729","Corena Anning","canningd1@prlog.org","65"
"4120dcd4-f980-4551-9788-915921f1850a","Dane Oats","doatsd2@bbc.co.uk","46"
"e1933d1f-c594-4db1-844b-f24c29b04da3","Ernest Chatell","echatelld3@phpbb.com","53"
"b526ec7c-3cbf-4dc9-abf6-ffd858180555","Haley Jehu","hjehud4@merriam-webster.com","25"
"90a1eb70-cbdf-42df-a649-3e522a1bfb1b","Augie Ivanaev","aivanaevd5@digg.com","64"
"63da13f5-acff-4feb-8e07-bfbd392949a8","Cinda Leslie","cleslied6@slate.com","28"
"845f79a3-8402-4788-9597-1daa2ae00994","Tiff Cocher","tcocherd7@gizmodo.com","13"
"df834328-f447-4988-bdab-00ab0ef9166c","Gerald Ferrari","gferrarid8@list-manage.com","18"
"fde21827-7a6a-4c44-9c7e-79806333fdf8","Constantia Roux","crouxd9@princeton.edu","15"
"f24ca77d-41d6-47c8-a6ea-b6fa8070b70c","Tamiko Gillbanks","tgillbanksda@flickr.com","27"
"661f506e-c960-49c7-b80b-92b3ef68679f","Lyssa Stollberger","lstollbergerdb@de.vu","36"
"6c223cbf-e183-43fe-af08-954d651033d3","Anjela Trineman","atrinemandc@engadget.com","46"
"05c53c42-054e-4719-9406-d91beb9492d1","Carly Coonihan","ccoonihandd@tamu.edu","43"
"0eb155c6-461c-4066-b078-98abc6fbb126","Ginnie Spadollini","gspadollinide@pen.io","15"
"cddcdd01-b9b7-49c9-a66b-ab2541bc0f96","Laural Heffy","lheffydf@ucla.edu","19"
"764037b2-7df4-4469-928b-08c83e2c4c71","Northrop Dovinson","ndovinsondg@networksolutions.com","53"
"9faf94ca-2579-4d32-ac1e-271c79ac7a99","Ellette Giovanardi","egiovanardidh@msu.edu","42"
"624f6324-40b0-44ea-b6f3-1e65b332df7e","Catina Crossfield","ccrossfielddi@thetimes.co.uk","57"
"3542eda1-790e-4948-850f-a0b4962df5a1","Lisabeth Dampier","ldampierdj@yahoo.com","65"
"c7384e07-ed5e-4e87-8daa-18031e3be707","Jo ann McVane","janndk@psu.edu","15"
"d259b8a2-46a3-453a-aa6e-c9e142ebd631","Lorinda Treadway","ltreadwaydl@indiatimes.com","45"
"6135a44f-3d38-4324-9843-f9bebfa53a6c","Benji MacKowle","bmackowledm@deviantart.com","20"
"bcebd2c2-ee78-4ec0-9125-d9740eb77c1d","Addy McCue","amccuedn@istockphoto.com","23"
"ebbc685c-2c5a-4899-aa54-1ff0fcc32086","Clementia Klimkov","cklimkovdo@cocolog-nifty.com","15"
"72e5610c-c83c-445f-bd9f-7801bfad468c","Ermin Ballendine","eballendinedp@wix.com","21"
"77940a18-0fac-46a8-875c-1aa813dc8f24","Effie Grishkov","egrishkovdq@fastcompany.com","48"
"8c8bf274-bb97-4b85-9fa7-0df56065e6a0","Kevan de Grey","kdedr@list-manage.com","53"
"b1d33fdf-e3aa-44c9-8997-2cb2b517de1d","Lucas Gudgen","lgudgends@joomla.org","33"
"4a8b2900-c9d1-47bc-85b5-df930446b707","Dedra Pendre","dpendredt@devhub.com","45"
"bff3da18-202a-455a-93ab-3773fb08889b","Dyanna Ruddock","druddockdu@cnet.com","58"
"8193a4ba-694d-42f1-b570-d43560787479","Cazzie Jinda","cjindadv@reuters.com","64"
