user_id,name,email,age
b2d20659-a709-4595-99ba-34559e6acd90,Kincaid Roulston,kroulstonb@usda.gov,53
2e165ddf-85fb-4b5c-8bdf-eae97b76ce18,Tamra Yalden,tyaldend@ow.ly,28
8fae1f15-bf9a-4ce6-858b-bc969f88d906,Dre Petrushanko,dpetrushankof@nature.com,28
059ed654-03c0-46d0-9b9e-00eeb4a1f48a,Natala Aguilar,naguilarh@europa.eu,43
8ebfe987-3f72-4278-803a-fcca7c9f3bd4,Bren Iannazzi,biannazzii@wired.com,44
2ee59fad-4b73-4899-8949-6353c0596aa8,Madelaine Body,mbodyj@weather.com,50
eb198a6f-2e87-4424-acde-0287e707f91c,Klarrisa Bevington,kbevingtonk@umich.edu,19
0ac22c49-3361-4224-a711-dc0090138add,Alberta Tassaker,atassakerl@census.gov,20
550c5a34-2db8-4264-8704-446d4824d37a,Cassandre Summerfield,csummerfieldm@si.edu,49
34e3d338-158c-409d-96c7-36313e292eba,Hubey Barwick,hbarwickn@hhs.gov,15
b4ab3763-5d0b-4ac2-9a69-69d045d22bea,Karissa Clever,kclevero@joomla.org,50
67ce2269-6f12-4221-84a7-fe866b22e901,Neill Dixcey,ndixceyp@yahoo.com,64
8cac58a9-ecca-4be8-bafa-50730cde62ba,Parke Uphill,puphillq@twitter.com,55
04a57a18-e114-43da-b435-f8d4cf9b3420,Roosevelt Bengtsen,rbengtsenr@japanpost.jp,48
a99b219b-3608-47bf-b207-021fa8d4613f,Andonis Chapelle,achapelles@blogtalkradio.com,55
bcd10c11-89a8-4afc-b777-ad33ae3502eb,Veronika McLenaghan,vmclenaghant@opera.com,16
eb624d38-5ac5-4197-b298-2a50660ec214,Enriqueta McCracken,emccrackenu@imdb.com,41
b65e24d1-7a7c-4430-ad19-093e61cbab63,Rocky Vickar,rvickarv@hugedomains.com,38
0e563ea7-9a16-4867-be89-339d3a8801ed,Jillane Lodemann,jlodemannw@chicagotribune.com,15
bb40e2ad-40e1-4430-8a74-c4b32376450c,Lyndel Oppie,loppiex@cbsnews.com,59
f7022f77-d54e-472c-a3d0-fdfe77e37088,Abigael Sutherby,asutherbyy@admin.ch,25
d2351b57-c4b1-4ea1-8f74-3cde0da21c75,Bartholomeus Quittonden,bquittondenz@free.fr,33
5ab3730a-84fc-4595-96f7-b6ebcbb4ce18,Laurens Hutchings,lhutchings10@list-manage.com,44
a340d2e6-148f-42b2-9bce-ebde21ac3d39,Putnam Cornils,pcornils11@mlb.com,53
65b9c6f3-9d5a-4217-961e-8d24a0bf9cda,Rustin Faire,rfaire12@nyu.edu,54
5c916a74-6df9-4914-90ed-0e4b5e4659a6,Eirena Wickes,ewickes13@google.fr,31
ff56fbd7-1a60-4a9c-ba09-2711d3ef3e3d,Eryn Gardiner,egardiner14@china.com.cn,27
5fdbe019-67a0-4efc-b6fe-134e0a09fdcc,Shelli Nornable,snornable15@state.gov,62
6778aed2-e9ea-4f6d-9e4c-1557ef489b5a,Nedi Geane,ngeane16@arstechnica.com,59
da39d519-a6d5-4fa4-ac4c-094797f85469,Sibbie Drayn,sdrayn17@samsung.com,59
ccde44b1-faa8-4887-bf9b-8517f4d6f2d6,Valma Wareham,vwareham18@ovh.net,54
7c4db13a-df0b-4e47-9b45-c5ffd632fb2e,Morley Huxster,mhuxster19@ycombinator.com,41
c86c8e71-ec15-41eb-b666-316091b2a4d5,Erwin Cusick,ecusick1a@webnode.com,28
72aefe18-9df4-48e0-a357-3236e117a02b,Elvina Cowely,ecowely1b@webnode.com,47
4c02315d-1b17-4849-b3a4-c83cca3cc4cf,Jarib Kemell,jkemell1c@flickr.com,39
e6844324-e7b3-462a-b0a1-575c814375ea,Prince Proven,pproven1d@newyorker.com,44
e8fbd7bf-43d5-4121-af8e-120019ca0f04,Aline Awde,aawde1e@bravesites.com,42
5135243f-587e-4591-9359-c4a0d210cc3a,Anica Widdup,awiddup1f@mapquest.com,26
af49fec4-17e3-4307-885c-7044df38caab,Lusa Sibary,lsibary1g@stumbleupon.com,64
676ffbb4-faf9-42c0-bfd4-365bbd770533,Zacherie Dingivan,zdingivan1h@ezinearticles.com,50
498f9878-0a7d-485a-a106-c87013bf745d,Terry Karsh,tkarsh1i@sakura.ne.jp,47
85cac184-2345-442f-8aaf-19ed7529fe2d,Ives Boules,iboules1j@theatlantic.com,22
975174da-b4de-4570-a246-15eb315a2dbc,Corabelle Awty,cawty1k@samsung.com,37
da627c3c-5558-408b-8173-c0187b804d88,Aleta Beresfore,aberesfore1l@mediafire.com,30
18c75f5d-e339-47c0-8aa8-2a07eb38453a,Loleta Rayson,lrayson1m@cpanel.net,56
a62e8100-852e-48ec-9c50-a279a6d43f68,Rozalie Walczynski,rwalczynski1n@woothemes.com,44
ace3d058-9d52-472b-8349-775a327ea296,Curcio Meas,cmeas1o@alibaba.com,18
e9bb3890-1680-490e-bb19-ebb589765d07,Belva Hattigan,bhattigan1p@arstechnica.com,43
8d9d310f-4dfe-46c8-8211-c8c543364d32,Jaclyn Matusiak,jmatusiak1q@shinystat.com,27
9c9294f8-82d0-4d22-8f43-1425af341fc9,Reamonn Mitchelson,rmitchelson1r@wikimedia.org,35
c1127e54-7f20-40db-8481-d25c9bd0f068,Faye Romaine,fromaine1s@fc2.com,19
6061be60-6dac-4ad6-816f-389f20b9ce35,Friedrich Tuny,ftuny1t@go.com,28
94c962f7-f361-4b93-ba8f-d3f810d1f8ed,Ronna Nightingale,rnightingale1u@un.org,50
cada051e-197f-438e-8861-2c4b630939e4,Donelle Ferron,dferron1v@bbc.co.uk,21
4f8876ae-73f6-43b8-8e9e-c9989ad5af8a,Red Gyurko,rgyurko1w@ning.com,25
6e7706e9-bcec-495f-b9c2-afa23f912ca0,Meghann Hoyte,mhoyte1x@yellowbook.com,50
cf378f63-19f8-4bc9-9100-a1d4c236f233,Colly Manzell,cmanzell1y@facebook.com,20
56ad3afd-4dc1-4f42-948e-cd1bdbd346d4,Delilah O' Cuolahan,do1z@chronoengine.com,63
fec2fbee-d885-4930-a086-f3967f1d0602,Cymbre Paler,cpaler20@cargocollective.com,36
3fefeef5-153d-4099-9f55-671ffee3c4a6,Corinne Geffe,cgeffe21@moonfruit.com,58
9659a019-39d3-4e9d-9ce9-aa9548e07be1,Tallia Hawlgarth,thawlgarth22@nba.com,60
e96d9074-cfc5-421e-b2b4-9c3cb7d4da32,Eleanor Pascall,epascall23@tinypic.com,26
f3250af7-bbfa-4da4-ad10-9f5332315803,Jase Witchalls,jwitchalls24@wired.com,24
5e3719d6-026d-4b51-b4b9-474ae370de29,Robinet Avramovich,ravramovich25@si.edu,39
07d12439-7e55-417f-b212-ad5cfdbca43b,Riki Stranio,rstranio26@sbwire.com,45
76c892ed-20f8-4c1f-828a-e7eb402af5f9,Seamus Jerzycowski,sjerzycowski27@cloudflare.com,42
ad04c8ee-4534-4327-b542-9034ff7f67b7,Devon Skelcher,dskelcher28@kickstarter.com,31
9166baa9-b37d-4e4c-9108-639f2a8533eb,Juana Shawley,jshawley29@opensource.org,13
84305a2a-a044-46c1-9d2c-40c7d0817232,Briney Eakeley,beakeley2a@google.cn,45
6e202e78-cb1c-4bf8-b81f-7113edb1039c,Harlie Sissons,hsissons2b@facebook.com,15
9ebb0a25-c897-4752-82a4-2f4cbdc82f7a,Carmella Bourchier,cbourchier2c@nyu.edu,47
d16305a3-4d38-493d-9fb9-5a76c7e847e3,Christina Bowden,cbowden2d@cornell.edu,37
6ce15553-5ad7-4f0c-b13c-4921c87061cd,Lori Todari,ltodari2e@yellowpages.com,58
fe61469e-5811-4b38-8567-8aef53ccd3c6,Jacquette Gildroy,jgildroy2f@diigo.com,63
bfd052de-b9cc-4983-b94b-bf827de5664e,Bobbi Drohun,bdrohun2g@1688.com,13
4ac79e43-b070-480c-821f-8add2f30455c,Conroy Lynnitt,clynnitt2h@oakley.com,47
7f752b3b-7381-47c3-875e-c4e441d00367,Henryetta Everwin,heverwin2i@com.com,45
00d5acb8-9c3d-4859-b551-5983fe82e2d8,Paula St Clair,pst2j@upenn.edu,47
9468bc5c-4015-453f-ab24-8ce2cd38eb7e,Pedro Bourtoumieux,pbourtoumieux2k@addthis.com,64
85bdfce0-4217-4664-90e2-6bc989fd1232,Alberto Fronek,afronek2l@moonfruit.com,29
374b590d-e36a-4beb-9dcd-ff13cf0cf8da,Celie Greenman,cgreenman2m@uol.com.br,41
25092670-b5cd-40e1-8359-fe2fb014fcc6,Carri Nelles,cnelles2n@ucsd.edu,40
eb5de686-4bca-4cc5-b89a-7efa2d0060c5,Faydra Woodhall,fwoodhall2o@go.com,11
f9a079f8-c9f4-4dcd-a3c1-8d1d96027fcc,Glory Dawks,gdawks2p@studiopress.com,36
fd3ff0d3-f524-43a9-91da-1edf925072fb,Timoteo McLeod,tmcleod2q@huffingtonpost.com,24
5de06109-4472-4f3c-abc3-b89ddc8521dd,Melli Ferrier,mferrier2r@digg.com,36
8a214780-ffb9-4133-9747-7fae273a8ca7,Orel Ferrarin,oferrarin2s@live.com,22
0c5c9e2e-4dee-4d5d-bcfc-f4c59300be13,Ailey Nelsey,anelsey2t@state.tx.us,19
2b515551-14a8-4bda-af63-8012053420d8,Juditha Nattriss,jnattriss2u@woothemes.com,25
232c4a1d-993c-47f7-b870-041e51785e54,Guenna Doge,gdoge2v@opera.com,22
f4017cc3-05c0-4293-b6d7-e0a3fc41c2b4,Natala Blazek,nblazek2w@home.pl,53
2966af0b-d122-4df5-a16f-279e4ae87cb4,Jim Morratt,jmorratt2x@blogtalkradio.com,29
332d8ecb-25b5-4561-b7ae-715418522cab,Keen Lead,klead2y@biglobe.ne.jp,24
e3fc8b83-6210-4e05-ac86-a31903961961,Coleen Slot,cslot2z@slate.com,11
0c9dfbee-38ae-4714-bf05-5f7de7769cff,Dun Lackey,dlackey30@mashable.com,64
3a653880-7abc-4f0c-8ba7-735993389655,Shane Ox,sox31@va.gov,49
8ab68989-8863-4353-b27e-51b645e771cf,Selby Dowsey,sdowsey32@dropbox.com,65
95555327-a819-4b20-bd2e-08be5def13f1,Loralee Siddaley,lsiddaley33@elpais.com,11
21df6b52-e202-4921-8262-4e14cc85a8c3,Beauregard Kitto,bkitto34@senate.gov,19
98996de8-9440-4418-891f-62e1fb0a43a5,Ricki Dailly,rdailly35@nature.com,33
4a487d0d-7841-45cc-ad40-8cfa6f0b0b14,Irene Davy,idavy36@engadget.com,48
25d26ed9-2f50-4114-827c-d3c053018fe0,Arnoldo MacCague,amaccague37@ed.gov,55
09ff8c5e-9191-409e-aebe-34329b337435,Ada Howsego,ahowsego38@unc.edu,38
e6070aca-57c6-485b-8fef-ceb2460ce77a,Kalle Jinda,kjinda39@abc.net.au,51
97f77a4d-72f2-4cb5-aedf-c825fe1416d5,Cly Guilaem,cguilaem3a@nih.gov,13
1f8e7837-7649-4274-829f-7c22fa605ba5,Anastasia Towl,atowl3b@berkeley.edu,27
c1d4e43f-0120-431f-a40c-d117e52c5c5f,Arty Laycock,alaycock3c@oakley.com,64
b4394d18-a1e6-4a83-9182-795e175ccedf,Chan Tewkesberrie,ctewkesberrie3d@shutterfly.com,44
69c75163-4e93-497c-9960-523905ce376c,Brocky Peppett,bpeppett3e@nationalgeographic.com,57
1f884397-3dc2-4c90-a65c-c0ae906a7b6e,Belle Franceschelli,bfranceschelli3f@house.gov,58
b742503a-5571-4508-bc7f-3299742a70f9,Pammi Clardge,pclardge3g@wikia.com,23
14a4b70a-05d4-4a57-b453-e7a8ecdf5729,Valli Willcocks,vwillcocks3h@admin.ch,15
aed12f08-c931-4512-bd47-975630f8ef75,Myrtie Rizzardini,mrizzardini3i@bluehost.com,34
4a963f71-58d3-437b-b72f-ca3644201ebd,Arthur Gagg,agagg3j@feedburner.com,41
92ac3c94-f051-4686-9418-1285400fed3b,Georgy Danet,gdanet3k@360.cn,47
e4a5cdca-9f09-4d94-b369-c48c8eb8e35b,Gilli Yeld,gyeld3l@tripadvisor.com,44
5e8ab7ad-d94d-4969-86e6-c90c40d44d29,Kym Kohring,kkohring3m@over-blog.com,57
85f263dc-a1f2-4deb-8217-bcbf8c9d9505,Veradis Ferrari,vferrari3n@networksolutions.com,12
3963585f-230e-4d99-ad37-cff24d2982c6,Katerina MacMickan,kmacmickan3o@de.vu,51
bc999a2b-362c-404a-8a2b-af1716b0d73f,Nicko Muncer,nmuncer3p@amazonaws.com,34
877b1d5d-bbae-4bce-8474-234db2c3e4fd,Lyndel Lunge,llunge3q@google.com.au,14
c6b9db51-a110-482f-9fd7-a4cb03f6f9a7,Estrella Paggitt,epaggitt3r@youku.com,47
81f404d7-60ae-498b-9b7d-7ed118f29858,Berget Hyde,bhyde3s@flavors.me,62
8d3f6758-3fc9-4e7c-82f8-2960ffcbcef8,Blanche Longridge,blongridge3t@github.io,46
1133813b-1d2e-4e79-8bd2-a2ef66532652,Keene Mullenger,kmullenger3u@narod.ru,60
7488af46-da4a-48a0-877c-402a9fe45b04,Miguela Grahlman,mgrahlman3v@amazonaws.com,33
31820a56-f0ac-426a-9230-f07962e83654,Bertha Marjot,bmarjot3w@eepurl.com,51
c7be35e4-1c57-4074-adbf-1c6b64a7d2a9,Kelly Dunkley,kdunkley3x@abc.net.au,26
1defb759-3862-4af5-bfe8-242c3879c24d,Clara Simla,csimla3y@photobucket.com,58
aa3ee0f5-7ea8-4b2d-a934-f81cec19e21d,Henrik Duplock,hduplock3z@1688.com,13
4003b85b-633f-4019-99f6-ef528e15eb4f,Addison Filchakov,afilchakov40@hud.gov,28
69c15323-02f9-4e2a-8002-7eff664d3bbf,Christiana Hayler,chayler41@lycos.com,16
6799ef6d-d4c3-49ba-aefc-77e9ad3351ac,Perl Blackmore,pblackmore42@springer.com,38
7cb8d882-37b4-48e9-94fa-7e1a0252ac56,Maureene Nel,mnel43@dmoz.org,41
d59e9b32-b15d-4b91-90e9-861215177c1b,Jaquenetta Buchett,jbuchett44@wikispaces.com,20
5b29f24d-9fd8-48b8-9a94-127ff93daf7f,Annecorinne Lillyman,alillyman45@pagesperso-orange.fr,15
cf874287-b5f4-41bd-ac0e-c18718a53556,Drucill Harcase,dharcase46@elegantthemes.com,11
0535146d-0514-4fc0-a749-cebf7544dc0a,Nicole Peggs,npeggs47@accuweather.com,11
a3f16b59-8366-4bbd-9683-9ecb242797a4,Sharline Joselevitch,sjoselevitch48@livejournal.com,51
8176c657-d812-4dc7-8574-47a7ecc07f90,Killy Wetherburn,kwetherburn49@cmu.edu,58
89b4e847-a1c4-4af3-bf1f-ebd1b37e10f1,Harwell Rault,hrault4a@accuweather.com,53
89f7ec6a-01c8-465d-a00d-72a9f880e521,Cy Brummell,cbrummell4b@tmall.com,11
5f841519-2030-42fa-b1b7-d222981b308b,Juliette Giannasi,jgiannasi4c@yale.edu,31
3d0e5591-9596-4400-9120-e88d1e17e8c0,Adrien Cattlemull,acattlemull4d@tamu.edu,54
4221eb57-a0ab-4e09-9146-4af684d3186a,Lowrance Greasty,lgreasty4e@youtu.be,15
91886d53-e84b-4fa6-81f0-a617b1fcbc0b,Demetria Wybourne,dwybourne4f@vimeo.com,65
73e9838c-19f0-4ec5-b231-5a61a08a2e82,Aldric Polkinhorn,apolkinhorn4g@acquirethisname.com,33
b849a684-3e67-4fba-905d-1606ff827479,Mylo Puddin,mpuddin4h@go.com,55
d2a79b66-e70b-455c-b5f7-2661b7fb60bf,Raven Bonaire,rbonaire4i@technorati.com,22
b53d15c1-447d-4433-85d0-bb47d1960873,Wilek Reedick,wreedick4j@wordpress.org,27
7edec8b6-747a-4d2e-a4e4-ae9837217cbc,Othilia Dumberrill,odumberrill4k@usa.gov,33
d51dff65-a545-44b7-b45b-5c7e27908e4c,Loree Carding,lcarding4l@clickbank.net,23
566c97f1-59ed-41ca-a85f-35296221f6ff,Patrizia Glasscott,pglasscott4m@oaic.gov.au,46
5beaae3f-cd16-4f65-a047-161cd3805287,Mace Devany,mdevany4n@earthlink.net,56
da385e3a-8606-4e2d-86e6-347927843964,Rachele Comsty,rcomsty4o@myspace.com,42
d79d624e-2cee-47a5-8e28-848909e82547,Stern Yalden,syalden4p@liveinternet.ru,12
735ca6ad-acb6-4b42-b220-d8c5eaf36085,Thibaut Fellowes,tfellowes4q@bbc.co.uk,53
4fa070bc-b0fe-4b82-8bf5-d6a0bd1c12ef,Lexie Fourman,lfourman4r@sohu.com,39
166f73c7-8f0d-4598-81ae-eb0c64549d33,Antonia Reedie,areedie4s@google.nl,20
5af8e275-72ec-4540-95bd-00eb7024b3d9,Dalila Busby,dbusby4t@cocolog-nifty.com,23
120f07c3-e6c1-4eaa-81d1-8d7b6e311ab2,Jacynth Parsall,jparsall4u@utexas.edu,16
594d49c3-ebea-4551-b6b0-d147dc6e2f18,Ashton Wisam,awisam4v@netlog.com,42
5d55232d-fd31-4df9-9de3-30ac22b756cd,Ruttger Gomby,rgomby4w@etsy.com,61
d77ec99a-d77d-4be0-a571-d728dc09db9a,Dody Mainds,dmainds4x@yahoo.com,11
a76aa44d-9c39-4494-b27f-37f48614ca7e,Liza Izzard,lizzard4y@bloomberg.com,58
d324a50e-a35a-4352-9afe-fc5aadb5f0c5,Amory Oyley,aoyley4z@pbs.org,38
1d643380-a3c7-458a-af97-4682cb9e29c8,Ab Burchfield,aburchfield50@hp.com,13
fd7fb678-19f2-4b9b-bcb9-06939632b9bf,Selia Elacoate,selacoate51@goo.ne.jp,42
104f2816-28e3-4f52-bebb-5e7f51d82c05,Leroi Streetley,lstreetley52@mac.com,29
525acafc-70df-4655-9717-0e5c372768af,Morgan Daggett,mdaggett53@issuu.com,58
248178d3-2659-40d3-9c73-2d14daa37d0c,Kelley Whitear,kwhitear54@gravatar.com,32
8687f7f1-f8b5-408e-8e0c-7103df719a92,Junia Richter,jrichter55@squidoo.com,46
4c356961-5f02-4f8b-920a-fad719abd041,Zena Mary,zmary56@techcrunch.com,37
666c40c5-1d2c-47c2-b340-65b0e138e13d,Donovan Swatheridge,dswatheridge57@indiegogo.com,54
323abbfd-301a-49cc-b657-d1cb9e40ad9d,Onida Nesbit,onesbit58@samsung.com,35
f06d8d1b-fb97-4940-8f5c-65954da86d2a,Dedie Tanti,dtanti59@wikimedia.org,14
ce31cf36-376e-41e6-96f1-0e68f011c9fd,Elfrida Kennifick,ekennifick5a@vistaprint.com,31
12298d83-edec-4fd0-ae44-7c7c342e1147,Park Juleff,pjuleff5b@google.co.uk,50
c6721d73-ed03-4ec4-a6d7-a22aaf0d55fb,Filberte D'Avaux,fdavaux5c@rambler.ru,28
599b3e21-d1c8-41e1-9f64-d628d0e5a6bd,Jyoti Jeannon,jjeannon5d@domainmarket.com,16
b30584f3-ea1e-4770-88bc-8bd5655fc411,Ignazio Leneham,ileneham5e@1und1.de,40
75f2d711-ab03-42e3-9384-bee844d08d90,Hewett Grewe,hgrewe5f@aol.com,65
f863156e-326e-49ec-9691-e8d806b74040,Zane Hawler,zhawler5g@xing.com,27
47b9b1c9-0f8b-475d-b744-4f1f9044e12e,Saunders Eads,seads5h@seesaa.net,24
cf9db044-76e7-42a2-9357-40fb95ec5f36,Fields Voden,fvoden5i@dell.com,46
aedef1ef-ea8d-4a2b-898c-dc60b6a01156,Ynes Broomhead,ybroomhead5j@godaddy.com,45
e6fa5e4a-b430-4b6a-9816-ce09d7738926,Else Mountfort,emountfort5k@cisco.com,37
539c3d4c-9d60-4d2c-9805-159ec9a32cc1,Sarette Hender,shender5l@linkedin.com,19
8863a57b-295e-4d2b-814d-967ab47afd56,Marita MacCallam,mmaccallam5m@un.org,32
26084e4d-ebf6-42df-99dc-bd409890bf97,Verena Bowness,vbowness5n@ocn.ne.jp,33
688014b5-02a3-4c9e-9c29-00347796e657,Pammy Tomczykowski,ptomczykowski5o@weather.com,51
6c755694-036d-4e79-a8f6-e6829e95cd51,Benny Leeburn,bleeburn5p@techcrunch.com,65
cab287b8-75af-4f99-ae7e-fe728cb7f870,Claude Gatherell,cgatherell5q@pbs.org,39
3b29e590-2e4a-46cc-b7b9-c063adc07a73,Marmaduke Thulborn,mthulborn5r@newyorker.com,46
9cc648d8-e320-4d0f-b86e-751a7b237da7,Skipper Krzyzanowski,skrzyzanowski5s@pen.io,42
6c01fff0-6234-42c1-bae7-885b27a2db20,Wolfy Corriea,wcorriea5t@netscape.com,48
75b0353a-35dd-49db-87e0-bb0168cb2213,Cordie Uttermare,cuttermare5u@abc.net.au,28
23c791e3-ecb6-44b9-a268-cc6ca473bc48,Vincents Vernalls,vvernalls5v@yahoo.com,18
243fec68-fa15-486b-9140-273176c73f4d,Corney Fusedale,cfusedale5w@unblog.fr,42
bc620c4b-ec07-4016-912b-e09727d71d52,Rodrick Avrashin,ravrashin5x@nsw.gov.au,65
96f9247f-22df-40cf-9516-d7f87efbd49e,Zondra MacSwayde,zmacswayde5y@adobe.com,32
718e0c0a-4d4e-4f9f-a5f0-d21c1ddbf6fe,Margie Smalman,msmalman5z@bbc.co.uk,33
f66cabf0-4b9d-4e56-8bcc-b0c82f0b93e7,Harri Jakubowsky,hjakubowsky60@china.com.cn,14
732d78f4-585f-4c14-8e9a-ce5297d28afb,Cindy Lesser,clesser61@rakuten.co.jp,28
dbf5595d-543c-45b6-8092-0efa6305b081,Rutter Hotton,rhotton62@virginia.edu,14
8928b600-ba4c-4a62-aa05-0e7d4111f67c,Carol Job,cjob63@clickbank.net,51
b5eae280-3914-40d6-8cd7-89487f2a1284,Lusa Boswell,lboswell64@weather.com,64
8a00e294-380c-4665-87f4-d1e99a111cb8,Carilyn Duffit,cduffit65@google.cn,16
33277f07-9012-4e38-b23d-7eed000d5c57,Danna Oosthout de Vree,doosthout66@lycos.com,62
d911bc96-5e49-48a7-bd12-8a28b19b36c3,Chalmers Gainor,cgainor67@intel.com,55
1b8d0c53-363a-4908-9df4-5da493f194b4,Maddie Skade,mskade68@xrea.com,51
3534e08f-240f-4688-a81b-fb5d598baf28,Jenifer Munning,jmunning69@opensource.org,31
72ca0fc7-7c56-45b7-afac-067992193c31,Georgetta Wrack,gwrack6a@forbes.com,60
fa15aef8-aa86-4dec-a2f9-05c870914d13,Golda Loren,gloren6b@theatlantic.com,41
ce61caf3-ec20-4d66-8621-cfeaa54c2b7f,Jan Whetnell,jwhetnell6c@wordpress.org,40
9dfd7060-369a-44ce-91c6-a64688dfbdc5,Euphemia Brundale,ebrundale6d@forbes.com,28
e7ac057d-4c0d-435c-8fde-89a73e753ada,Moritz Asplin,masplin6e@oakley.com,63
d6160802-0aa7-4672-91c6-3ab21cfc3ddb,Rriocard Berendsen,rberendsen6f@chicagotribune.com,27
2e3effd8-e965-476c-9f5e-b145d8528442,Neall Pinchon,npinchon6g@topsy.com,58
315cdcbb-a743-44cc-bb58-0505241ebd4e,Arlyn Duplain,aduplain6h@plala.or.jp,51
7e4a38f3-86fb-4f5a-aba9-c4ca459b32a6,Rob Tebboth,rtebboth6i@usda.gov,25
658ea324-741e-44bf-9b0e-9c4df7256416,Bartholomeus Huguet,bhuguet6j@geocities.com,30
1d2a8241-3ceb-483a-96a6-5d69625fbb9d,Hanson Potzold,hpotzold6k@jugem.jp,61
10329246-51a8-4737-87f0-b58d0372fab7,Fay Swettenham,fswettenham6l@i2i.jp,64
991ea6ef-e468-48af-a71e-b797937ab015,Ario Pollastrone,apollastrone6m@cmu.edu,55
b2c4867a-0950-477a-8236-ee0bc281674b,Melantha Dalling,mdalling6n@harvard.edu,65
4b252695-362f-47b7-8d51-139a148820f0,Alanna Knoton,aknoton6o@issuu.com,38
c3a559dd-1750-42a9-9fe3-c4fd35da6a4a,Brien Connick,bconnick6p@japanpost.jp,50
25de7a80-299e-40b9-974f-ef73c6fddbd7,Laina Baggot,lbaggot6q@wunderground.com,45
1d098d20-ce6e-4591-ba68-fbb3d4542ea0,Guthrie Rubega,grubega6r@unesco.org,28
fc2e531f-0b29-4ab8-b7c4-075b9f8daf85,Mommy Leedal,mleedal6s@prlog.org,19
36239ffa-1ffc-42b7-bf9b-734c9cd99bb6,Alfie Kubicek,akubicek6t@ted.com,28
f6662981-0fd1-42f4-bbb1-8607c8927f32,Elisabeth Bradford,ebradford6u@ft.com,58
572becde-525c-4437-9b4d-69423a0587dd,Adria Mabe,amabe6v@cisco.com,57
fd05c35e-b5c6-43ee-965d-a90024b5fa62,Olag Canto,ocanto6w@ucoz.com,35
9f8e7c9c-ee94-49d3-9023-f65f8b26cec4,Franciskus Nano,fnano6x@wix.com,40
f40e462c-0c76-4c77-a7d4-2b571f191357,Dosi Clementi,dclementi6y@epa.gov,35
5d00a902-ef68-45f6-b3f3-8fb33a76e7e2,Timmie Radbourn,tradbourn6z@engadget.com,43
8c24358b-1bd3-4122-b2b8-c2f772e8e39e,Francklyn Johl,fjohl70@geocities.jp,63
c8ad2cfb-40fc-416f-8079-02a989db5485,Euphemia Rudgard,erudgard71@blogtalkradio.com,23
d79124c9-4525-4b53-ad74-2ced38e1bd32,Jorrie Zanini,jzanini72@list-manage.com,54
3a42487e-ebb6-4486-84d3-b517306b3c76,Frederik Gaythwaite,fgaythwaite73@mayoclinic.com,12
c3ce31a8-8cc6-431b-b476-dabedd3392f9,Hillier Codman,hcodman74@linkedin.com,49
ff6f2854-73fa-4b34-8679-ec9ebe57da7c,Beck Alecock,balecock75@princeton.edu,63
04600771-0d44-4fea-81a2-f179795235e1,Timofei Priddie,tpriddie76@google.nl,40
a70427e6-7963-4bfb-b65e-1ad54362317c,Goldi Van der Kruijs,gvan77@desdev.cn,12
4f14a0a1-3fc4-4c23-aa46-5b67027b9de1,Shadow Osgodby,sosgodby78@springer.com,18
7de9b32e-7cb0-4337-95a2-3cb5588b5dea,Gerianne Patriche,gpatriche79@irs.gov,22
eb46e134-46f5-4585-98de-4523e6ab1af5,Riccardo Conibear,rconibear7a@house.gov,14
38ea4645-ab42-4d83-accb-20c0327390b7,Christophorus Diack,cdiack7b@google.ru,15
76e0b391-5263-4a92-84d2-bcc4daa08992,Chad Bleby,cbleby7c@themeforest.net,33
64484869-f680-4c86-ae9d-dee19a26e31d,Iseabal Geraldini,igeraldini7d@furl.net,65
8f2db28e-6df4-4fb9-bd86-d6e4f077351c,Duncan Follin,dfollin7e@prnewswire.com,23
819fb25e-cca0-4527-b659-3d07a7513eeb,Courtney Stefi,cstefi7f@bandcamp.com,62
2ff4f24a-89bc-48c9-9c13-5e727b1343bd,Padraic Drohane,pdrohane7g@weibo.com,16
f888f794-4d51-4c39-a7c9-bd76b625ab0b,Bartholomew Gerg,bgerg7h@cocolog-nifty.com,63
efb24a98-0e39-4ffa-9397-d87626091c32,Heloise Reicherz,hreicherz7i@sogou.com,55
6fbc3356-bebc-4070-b8a6-11fd3307725e,Harlan Andell,handell7j@naver.com,30
e0705033-b543-4d23-8688-86569ae243f2,Eduardo Lyal,elyal7k@vistaprint.com,42
47439101-3b62-4ff7-8753-c1bda2a28889,Lucila Dallin,ldallin7l@shareasale.com,48
9e6930bc-5138-4a9f-9ed9-4d934e40cb45,Margalit Kerwen,mkerwen7m@elegantthemes.com,23
ed3d6a6b-09a4-48e8-9a50-2b5073e85d67,Freedman Eke,feke7n@desdev.cn,56
9a25bef2-b4a4-40db-b469-b4d1f6a6c10d,Dru Paulmann,dpaulmann7o@gov.uk,51
92579262-2158-4895-8fad-6862a245c600,Hubert Kapelhoff,hkapelhoff7p@yandex.ru,27
807f8075-8a90-49a0-9c74-f6662c88eff6,Merrel Andrich,mandrich7q@engadget.com,42
5e438653-9261-41b4-a568-413fe36c71cb,Rhetta Mash,rmash7r@jalbum.net,44
ae2381cc-37cd-4b1a-b5ff-b8e4f6816966,Dee dee Spollen,ddee7s@soundcloud.com,24
b70ce964-9771-43b6-814c-cece5b55ebbb,Ivor Pimme,ipimme7t@nasa.gov,33
134e8a7f-cebd-4ffd-b8bd-57528f11a058,Gerri Sewell,gsewell7u@posterous.com,17
6fd9e998-1a85-4d65-8299-5fd66c44da82,Humbert Kidstone,hkidstone7v@chron.com,65
70ac276d-f0af-43ac-83c0-76c07ccd752a,Haskell Dunstone,hdunstone7w@google.nl,13
e5e258a5-f0b0-4788-a2ff-136db9403d9c,Taryn Matuszkiewicz,tmatuszkiewicz7x@about.com,55
ffca098d-f898-4d26-8635-23763af3e5a8,Aretha Sporner,asporner7y@wired.com,17
bcf83841-7b82-4072-b4a9-4c51d4a81989,Dillon Tesoe,dtesoe7z@csmonitor.com,40
f1e0fb0d-0ab1-46a5-a942-5781788638cf,Glynda Banke,gbanke80@smugmug.com,42
8240dec5-954a-4ea8-a003-98aaea314070,Anson Thurlborn,athurlborn81@dell.com,44
8a71f990-edd1-474b-9293-8008171a8c8e,Gaelan Eveque,geveque82@sitemeter.com,59
93c72c80-aec2-4c20-8c00-1dad3758e011,Roderich Stonebanks,rstonebanks83@goo.gl,55
eeed7266-14f8-4d63-ab2e-63fc29ea00a7,Sanders Glauber,sglauber84@tripod.com,59
dbe13a16-1e98-4c3c-aa4d-e61c1f04acfa,Berri Sabatini,bsabatini85@booking.com,46
c78ad3e1-9783-49b7-847c-57af3d6442c3,Winnie Adrianello,wadrianello86@ebay.co.uk,46
a1992506-7f78-4595-9338-ce88bde12c9d,Crin Tomaszewski,ctomaszewski87@virginia.edu,51
0c46fdf4-3561-4e09-8ad8-07e077a9a144,Britni Wills,bwills88@facebook.com,57
debee4bc-4b14-40bd-9d5f-ac8ffbfcb496,Moina Piens,mpiens89@meetup.com,33
d9d9ef0f-c182-4b60-88be-6acfc82f9ddb,Maje Parkhouse,mparkhouse8a@sohu.com,19
93ccf3cd-1242-499f-bfe0-a127f8f3bf88,Mathias Ginger,mginger8b@amazonaws.com,61
4c244021-145e-460e-a82d-bafef15eded5,Frederich Bonefant,fbonefant8c@wunderground.com,40
96a26fc5-707d-4152-85f6-d13ce1bde1b0,Ryley Barnby,rbarnby8d@mediafire.com,13
2d1f55c3-757d-4204-bc08-0801b5740dfb,Sibella Labitt,slabitt8e@sciencedirect.com,24
0fe6de5c-a89f-4ab1-a4f7-ed4d07692272,Clareta Tomaschke,ctomaschke8f@macromedia.com,24
56022319-a7b2-422c-9746-c5c7644d0a56,Marget Levine,mlevine8g@intel.com,12
d4128bc1-f775-43a3-9c20-cc49b97ee624,Giulietta Benstead,gbenstead8h@nytimes.com,51
39a35090-7741-4840-aa37-2bae84c9fc08,Benedicta Mainds,bmainds8i@pcworld.com,14
4b25281c-1e0f-4f56-82cf-4cbf1c28b43c,Rudolph Otteridge,rotteridge8j@goo.gl,36
c9cf02fb-aafb-48ce-9287-67e95539b43c,Shell Woodyeare,swoodyeare8k@indiatimes.com,12
7b818c19-1ccd-4187-b651-6b8d60788855,Star Rewcassell,srewcassell8l@topsy.com,60
b233feb5-4ac2-459b-9f49-53df79dd805e,Nataniel Turbayne,nturbayne8m@goo.gl,38
270ec4bb-bb83-4703-9bcc-269f86d73841,Florie Laborda,flaborda8n@cam.ac.uk,17
8c3f0e16-d92e-41b0-b767-740fb73ec318,Sasha Boarer,sboarer8o@artisteer.com,35
0b409632-688f-4e8b-bbad-9f5fde2bb08b,Sheffy Elliott,selliott8p@themeforest.net,60
b6b4f499-975b-49df-b187-50e3b9af3695,Obie Hackford,ohackford8q@amazon.co.jp,51
a8c77e90-19bb-4238-9ce4-324c22bd342e,Red Hanes,rhanes8r@soundcloud.com,55
577bccb8-e766-4802-af45-ef8140f2bae5,Broderic Pizzie,bpizzie8s@yellowpages.com,43
6ee75d0a-cff6-4b95-8ccc-dca5c571185d,Lisabeth Shevill,lshevill8t@jugem.jp,23
f3b297cf-95c8-496d-a92b-6cfba54b3c11,Marsiella Scarth,mscarth8u@jugem.jp,17
dafd9e64-d2fc-40fd-a2f9-cf9201eb53eb,Shadow Togher,stogher8v@ucoz.com,19
3cdf1fc5-063a-42f8-a831-df356085e540,Giffie Pettecrew,gpettecrew8w@paginegialle.it,53
14acf3cf-cfc7-4ca4-a83f-717e9ea4ca8a,Anjanette Lanyon,alanyon8x@tuttocitta.it,65
b7c3aaab-81f8-4f77-bdb4-9bfc5be389be,Charline Gorcke,cgorcke8y@over-blog.com,34
8876af65-56a4-4811-8fd3-f14f5f03e29a,Donny Downs,ddowns8z@dyndns.org,43
b00a83e8-ac53-4877-86e7-92a2c53a0509,Rolf Attenburrow,rattenburrow90@netscape.com,43
b1683111-74d5-4622-a332-3b5d3157f79f,Ameline Yousef,ayousef91@gnu.org,11
bedb722a-727f-4991-b4a6-12fd97203156,Pascale Stansell,pstansell92@buzzfeed.com,53
f3b60392-4ea3-451e-a511-566bd88c9158,Kiri Mirfield,kmirfield93@mozilla.com,53
c92fdfa8-5caf-4620-aeaf-9ff06e329f89,Lem MacPaike,lmacpaike94@mashable.com,44
3f2f36c7-8a9e-42f0-b519-b36ee2cd77a5,Arabela Bugby,abugby95@thetimes.co.uk,63
f4ec6241-7e80-4c33-b157-7b5f14ee1db3,Ajay Jeandot,ajeandot96@weather.com,33
9a97a47e-394b-4022-a60d-cc7b9b1054c9,Matthus Stratiff,mstratiff97@zimbio.com,38
9d21ba3b-f690-416c-b2ca-a84a4c088ca7,Ram England,rengland98@de.vu,58
e5b8b7b8-38b0-48b1-aada-cb838332bc0f,Jobyna MacRonald,jmacronald99@cbsnews.com,36
90a6f33a-d8c5-41ef-83b7-e6f4c9d150b3,Iggie Perrington,iperrington9a@microsoft.com,47
012aeb23-1df7-40de-9b2d-ddf74c7c8226,Kaycee Oubridge,koubridge9b@adobe.com,15
da7d96f9-ae32-4752-8d57-197f4213039c,Loralee Clapham,lclapham9c@shinystat.com,20
d0094c4a-d7df-47f7-a119-78eb251ab986,Jerry Matyushkin,jmatyushkin9d@mac.com,25
a55f1ffe-94db-4b5f-b4ef-93f065c5e373,Bendick Gorler,bgorler9e@behance.net,16
36711bec-8930-4db5-8d4b-57c51ca47169,Lanny Beche,lbeche9f@merriam-webster.com,13
303121a3-b82f-4065-886e-cb3304e697d7,Gale Mebius,gmebius9g@bloomberg.com,46
59462ffc-16cd-4e28-9158-5b6f1f3ce9e0,Terrill Hirjak,thirjak9h@samsung.com,16
1de84b96-f32c-48b2-8331-c1567bc8b0c7,Malina Kipping,mkipping9i@alexa.com,46
ed180169-0040-4a9d-8ad4-d7cb43c9d9fe,Kile Lorie,klorie9j@fotki.com,16
9519493f-0375-4bde-9d50-c88a0d997b40,Darsie Leere,dleere9k@arizona.edu,12
62fa8108-8f10-46be-a8b6-5afb6783a4d1,Merola Ebourne,mebourne9l@japanpost.jp,36
e24c9bf6-9768-42e4-ad8f-574a156e015c,Udall Jobbing,ujobbing9m@xrea.com,34
46b7aafc-3c5e-4c33-aa5d-3518d3414c30,Cindy Gault,cgault9n@google.co.uk,43
2c278c52-d527-4daa-b508-88c573acbdd7,Kalil Spread,kspread9o@webs.com,24
c6df1fca-aae4-426e-b980-dffd036868c8,Risa Beardshall,rbeardshall9p@diigo.com,65
5000c92d-74c5-4b8c-9985-df0214e28aee,Mandie Beebis,mbeebis9q@nifty.com,56
e40fe222-1878-42fa-9f55-df8d5b0aaf74,Malena Barbe,mbarbe9r@arizona.edu,34
bd131312-6bb0-49d2-800b-0f7868421d32,Bearnard Jeanneau,bjeanneau9s@vistaprint.com,41
cca1f322-86f9-45c0-9ee7-94181a07a92c,Mischa Guerrazzi,mguerrazzi9t@samsung.com,42
cdb78360-97f7-42df-bbaa-ec27db935733,Christa Barracks,cbarracks9u@usa.gov,12
0beffc9e-130e-4fc6-8630-7498c9e3648f,Thorny Frith,tfrith9v@utexas.edu,13
c979722c-6e71-4b31-b373-aad3210b1a4c,Base Decroix,bdecroix9w@webeden.co.uk,26
e472296e-62a7-44a0-8135-f197b113c014,Saleem MacVicar,smacvicar9x@go.com,42
fabd244a-6319-4849-9642-110a4f82d901,Robbi De Ruel,rde9y@mtv.com,40
6f7e5b3d-2393-4dd0-a123-8b588c8ca5a5,Martino MacVean,mmacvean9z@yellowpages.com,60
c1f2ea7d-4778-4f7f-b3c4-135d38feb2d9,Findley Tabary,ftabarya0@typepad.com,20
6897f69a-242c-419c-8b0f-110e4e7cb73f,Orion Eaton,oeatona1@gmpg.org,50
6928acde-0c26-4d8c-bd4e-e2c4207f83d0,Berny Stoneham,bstonehama2@sourceforge.net,13
d766377e-6423-4544-ab6f-c76510807a77,Mendie Archanbault,marchanbaulta3@printfriendly.com,64
68cba4e1-a381-4cc0-9ccc-e2a6298230a7,Yorgos Reap,yreapa4@linkedin.com,40
234ed37d-4e2a-4520-96cb-27468d650ca2,Gracie Wake,gwakea5@is.gd,55
94c3759e-d160-47a4-bac0-edc8b3797b96,Kaleena Batchley,kbatchleya6@yelp.com,52
d20d1f66-ca01-461d-bed8-9321ebc07b38,Aldis Gontier,agontiera7@mail.ru,50
9321f6d9-99c9-467d-8232-3bc756ffff4b,Willabella Tankus,wtankusa8@walmart.com,65
a46a8bb1-b001-443d-99cf-d2a160897e92,Suzette Skells,sskellsa9@tinyurl.com,32
471836dc-ab9c-4d7d-98e2-e132ccd0334c,Ainsley Noot,anootaa@amazon.co.jp,17
c0ead367-f968-4980-8228-00362a2c07dd,Eugene Risom,erisomab@illinois.edu,37
02cbced3-ef53-4574-acde-26f0c6deca54,Courtenay Flintoft,cflintoftac@pbs.org,62
474bcb53-920d-4d4b-a839-ba46213da879,Diann Whawell,dwhawellad@amazon.de,17
44b9cd3b-aeb2-41f6-a756-3cbe2c619892,Dillie Dobbings,ddobbingsae@nih.gov,30
3bd9295b-3db3-45e3-9847-1dbb7aafc6b2,Cesar Mannering,cmanneringaf@forbes.com,40
64643076-926c-4376-a82e-a6178e12aed3,Noella Redholls,nredhollsag@github.com,50
6f262abe-7fc6-479a-8784-4a4d1b1c1573,Zelig Marven,zmarvenah@netvibes.com,55
63fc0b2f-5161-44b9-aecf-3f0fdb94c794,Madelena Naulty,mnaultyai@japanpost.jp,15
68d85091-a8d2-4ac8-befd-cb656bfad1dd,Carmelle Castletine,ccastletineaj@cargocollective.com,42
a7e3181f-b646-4fe4-92b5-2ba4dbd532aa,Edith Gawkes,egawkesak@mapy.cz,15
f1c797fc-1801-425d-a44f-f5c79648dda2,Sydel Jannaway,sjannawayal@devhub.com,44
5b9427b8-2875-4cd0-9b6b-b1e99110a2c0,Anastasie Matyukon,amatyukonam@51.la,45
edcc000a-b7f2-4809-9da0-252ddab9f5a8,Moise Rodson,mrodsonan@zdnet.com,13
e49bdac0-40e4-4094-b902-b991998b5cd1,Marchelle Droogan,mdrooganao@drupal.org,19
c936b5a9-8015-4939-aa39-96401eaccef8,Jamie Breit,jbreitap@example.com,37
ae15ecc3-617a-48c9-b73b-6f8ecd3f070c,Cybil Tieraney,ctieraneyaq@cargocollective.com,62
e5ae67cc-c32c-44a2-9fe7-16533bb652d2,Blake Billam,bbillamar@furl.net,55
217f66ee-b567-4304-8231-b13e21511b5d,Dorie Elliman,dellimanas@umich.edu,35
1d7147db-a95c-4b55-b149-092da4fa91dc,Zack Hambric,zhambricat@seattletimes.com,20
4cfdc116-94f8-4aa3-9d2d-b21ef976ad09,Morse Crumpton,mcrumptonau@netvibes.com,19
8b3c0d11-9869-41d9-a74a-d13c5168d3a8,Beatrisa Dun,bdunav@mac.com,44
839ea658-c88b-41a9-9a65-80885c88392b,Honoria Risbrough,hrisbroughaw@artisteer.com,22
667ab89d-0f58-427e-8fd1-843a057774b7,Ellery Leap,eleapax@nytimes.com,12
5c51ab9b-7a0e-480d-b949-c98a82443480,Vasily McGifford,vmcgifforday@gravatar.com,41
2279a127-f447-4c40-9631-6c3d02904412,Fidelio Senecaux,fsenecauxaz@taobao.com,54
b413afce-e900-42de-9098-07c855a7bde2,Kerry Scrine,kscrineb0@google.nl,55
3d65b56f-1f71-4021-9a64-cd308aff00f0,Lennard Davidsen,ldavidsenb1@spotify.com,32
4506f9c9-a427-4543-a502-90b1ca4dfd20,Ross Naylor,rnaylorb2@deviantart.com,41
abcc83a3-faaf-47b2-b282-54068ccf7863,Rickey Howells,rhowellsb3@weibo.com,41
960e8424-f90f-408e-9370-354032e07173,Renato Schiementz,rschiementzb4@latimes.com,57
d709ad50-8047-4c22-bc4b-b91ca1c4cf89,Durward Celloni,dcellonib5@toplist.cz,54
0c8f4ea4-4d1e-47d7-a6f2-3ce3b7b1e4d9,Diannne Sergant,dsergantb6@nydailynews.com,39
8e73b0e9-1754-47c8-9b3f-cbebbad46dcf,Allison Grumell,agrumellb7@cisco.com,40
7a42c080-02cd-40c0-9ba8-d32a97473610,Gerard Berends,gberendsb8@elegantthemes.com,56
ba6e440d-0033-4c9b-b9ed-9c0f23a01c15,Lon Swansborough,lswansboroughb9@nyu.edu,17
0d89af36-931e-4f00-b532-10dd15507ae0,Garrott Brockington,gbrockingtonba@naver.com,36
d72eaa3b-517c-4428-b981-a3f0755b8fa8,Johnathon Pasticznyk,jpasticznykbb@infoseek.co.jp,43
b5a781bb-b937-49c7-aabe-2e19e15d36e3,Mendel Tearney,mtearneybc@ihg.com,44
de7cd41a-a912-41c5-85ec-6b403855a322,Ezekiel Burnyate,eburnyatebd@ihg.com,37
a074e270-86e9-446d-b4d6-633281f3910c,Nesta Leefe,nleefebe@samsung.com,62
f92b5efe-8cdd-4fbb-bee1-160af865e5e1,Fanechka Dumingos,fdumingosbf@chron.com,35
e014b897-5b88-45d3-94cd-c140cb3ae9b8,Ariella Eckery,aeckerybg@wp.com,18
f98c2eca-30b3-4f15-aa33-45c84ca0f91b,Benn Spikings,bspikingsbh@nytimes.com,65
a1b6cc18-0a37-4ee5-afaa-e30fc0e8a1dd,Natassia Foynes,nfoynesbi@wufoo.com,24
9262047a-5629-40dd-bf2d-3c37e069d3d6,Stacee Bedrosian,sbedrosianbj@nationalgeographic.com,27
7f210dad-861b-403b-9b25-99a8392afa82,Rabi Littleton,rlittletonbk@ovh.net,53
b53f2955-2b55-41ae-b6a5-bb73e99f5f28,Myles Reinert,mreinertbl@hibu.com,39
8d537934-1bf1-4cf5-9295-bf2a4864eff9,Patrizius Sabey,psabeybm@technorati.com,35
51f7fbce-f320-43f2-9bbb-65e8cdb064a0,Mildred Esslement,messlementbn@sitemeter.com,52
4b406100-3864-4d2a-be8c-18ee8a2c9347,Moshe Berkeley,mberkeleybo@ft.com,31
e6acf20c-1976-4429-91f6-fa0671919716,Henrik Ivakhno,hivakhnobp@marketwatch.com,42
ced020a3-8541-49ae-af97-4104eaf0eba2,Netti Richfield,nrichfieldbq@springer.com,25
858880ec-2174-46dc-9afa-5851dda93104,Joela Doll,jdollbr@addthis.com,60
b5eb2e34-c837-4ce6-9d54-ec161e7a7e03,Leisha MacTavish,lmactavishbs@multiply.com,46
49d5bbff-4fb7-4e80-b6a3-e840d34ca68e,Thorin Tidd,ttiddbt@rambler.ru,59
3c47e54c-6210-42e1-9ff9-3c5969a56e18,Gisele Dubble,gdubblebu@guardian.co.uk,40
12eb6978-3c21-4fab-a921-fd3a4d105548,Jada Dibdin,jdibdinbv@chicagotribune.com,54
aec78c55-04d8-42a2-97ff-d388cf7501c5,Charleen Peiser,cpeiserbw@economist.com,36
e7778c93-7422-498f-89a2-31520da509e2,Rhys Stallybrass,rstallybrassbx@prnewswire.com,11
ccc7eb8f-46de-4d42-af08-18e939b739d3,Iolande Ripley,iripleyby@ehow.com,41
9a331531-33dc-4dce-af60-0e85924627fc,Anet Beagley,abeagleybz@wsj.com,24
3e7eb58e-c4e6-406d-a566-b298f1334594,Ade Broadway,abroadwayc0@1688.com,30
1603a39a-2e01-4320-b271-caee42b2b67c,Merlina Farress,mfarressc1@eepurl.com,33
11974ef0-480a-4ab3-9e49-37d4875de523,Cathrine Prowting,cprowtingc2@odnoklassniki.ru,42
a9d8c751-1da5-4f3e-b0f1-bf514553b6e7,Marrilee Keble,mkeblec3@jimdo.com,17
5430e889-7416-4009-90b4-7e871d7659b3,Galvan Mainland,gmainlandc4@hp.com,63
6807ad2a-00bc-4397-8a93-3d07346c4f1a,Stephan Geeritz,sgeeritzc5@webs.com,33
43aa35ff-f01a-4f1d-9540-678bc29f4f8f,Joya Popham,jpophamc6@ftc.gov,53
c99a9eb4-6430-49c7-b2b5-0d7cd56f125e,Whit Guiel,wguielc7@jigsy.com,43
6bb6934c-b70d-4258-8047-9d83f553fc1a,Abran Trebble,atrebblec8@mac.com,58
390b5732-5071-4e19-aa43-e5a4a601eca1,Irina Birtwhistle,ibirtwhistlec9@mysql.com,11
11822909-463b-4a94-a5c6-cd9f70b44dae,Margaux McQuarter,mmcquarterca@baidu.com,36
91a6ef8c-0231-4015-9a7d-a8723cdfb9d8,Polly Reith,preithcb@people.com.cn,56
eee81bfc-207e-4346-b7bc-7b21147d5452,Rene Hainge,rhaingecc@yandex.ru,27
c7b13430-dbab-4417-80d2-ba82a4652b96,Rivy Trout,rtroutcd@admin.ch,12
12d283e2-ba2e-41ac-8ba1-f88fcc47813d,Barbabra Kuna,bkunace@bizjournals.com,39
f0b427cf-2b81-4d06-b1e2-5c41ef05f748,Gibby Wearn,gwearncf@dedecms.com,51
89dfcc39-e39d-48d4-ac07-1df01a4a9891,Vanessa Renfrew,vrenfrewcg@redcross.org,54
62f778e1-7a6b-4ca3-bbf1-8964c85f2bc4,Hildagard Bredee,hbredeech@icio.us,37
d6dd2967-682e-4a78-85c5-04a451eee921,Tadeo Peddar,tpeddarci@tripadvisor.com,13
85c0d517-9f67-4955-9248-9a21b4624b06,Ignacio Lunbech,ilunbechcj@squidoo.com,34
7f5ab6f3-2faa-418f-92b1-0c5d084daa46,Geno Froschauer,gfroschauerck@zdnet.com,62
b825390a-1222-41fd-a3a9-026fedf6733a,Emilie Lynthal,elynthalcl@abc.net.au,58
a2850eb1-e75b-462f-a6b3-3e5cd76ddb18,Gae Sacase,gsacasecm@angelfire.com,45
739e76a9-2c7c-48a6-b085-91951b47d2cd,Clemence Pridie,cpridiecn@360.cn,52
a8a162c1-db94-4d07-a317-09e012a2d93f,Garrek Scorah,gscorahco@ftc.gov,14
c9ba7afc-1c26-4097-8efa-ddb700715ceb,Barn Rachuig,brachuigcp@dmoz.org,63
4f4eec04-e212-4fc4-b290-c51b35386244,Hope Kapelhoff,hkapelhoffcq@t-online.de,13
3ea7e0b9-b607-41b1-b8a9-b3cfe4626385,Correna Howerd,chowerdcr@elegantthemes.com,54
e9a3eb81-2600-4b44-9cb7-e37d8a95d867,Charity Bavage,cbavagecs@ebay.co.uk,11
6aa905a6-4b0a-435e-9f6c-98265c0f7bc8,Fulvia Casiroli,fcasirolict@umn.edu,42
239c0259-4c2a-46a7-9598-e2eb2efe419d,Kalvin Wedmore,kwedmorecu@zdnet.com,51
a7fc59fd-ff8f-46a0-a976-ac5de41e8706,Shelagh Pindar,spindarcv@yandex.ru,55
032d6d95-9b01-4fad-a0de-63a81917b720,Cody Petrelli,cpetrellicw@usatoday.com,51
af0341de-55d4-42be-b303-e28a2cec268b,Obadias Goodrick,ogoodrickcx@marriott.com,27
7ed5a6fd-324b-4865-b714-be50dc50357b,Reyna Hunnywell,rhunnywellcy@seesaa.net,41
a7486baf-f0d6-4d2f-81d3-55224dd8b747,Terrijo Martland,tmartlandcz@microsoft.com,29
f5578008-6252-4a07-b377-a4efc8a91015,Thaxter Rasch,traschd0@infoseek.co.jp,56
c543a06f-28a7-41f8-b411-32eff6042911,Bram Downgate,bdowngated1@phoca.cz,42
61237a4f-cc89-4c61-a922-be9e538e1f70,Ryun Offill,roffilld2@ycombinator.com,11
f77cd4d8-bff9-4b80-be29-352347beeaee,Anderea Magwood,amagwoodd3@gmpg.org,48
abbdf072-73a5-4db8-8585-6c4fc612e8b6,Roger Tanner,rtannerd4@pbs.org,15
9ca1dcca-e25a-455a-aad0-7425f9724606,Marchelle Borrie,mborried5@yale.edu,17
4d44a086-ab14-4874-b490-8270b5cd6d34,Gris Ricart,gricartd6@desdev.cn,12
aba75425-8397-4363-be5f-349828c5f54c,Padraig Abelovitz,pabelovitzd7@seesaa.net,24
fae3a0e7-f001-4859-9501-4346b9e7d6e0,Gaylord Bamsey,gbamseyd8@ning.com,48
765a25a8-f832-4f5c-9463-b4529dbf6900,Ericha Bigley,ebigleyd9@edublogs.org,55
08e42127-f65e-40ea-a5e2-788ee1a4b419,Rosemarie Duffree,rduffreeda@furl.net,29
06b60a0c-cea9-4ed3-adb7-af824cc3f901,Rikki Micah,rmicahdb@yellowpages.com,46
f6380b70-b31c-4592-94b6-cf74a2637f83,Casi Embery,cemberydc@whitehouse.gov,50
c0c1314b-ee98-4828-ac5c-96b248a76e29,Kristin Zimek,kzimekdd@51.la,50
48b4e143-d151-4f91-872b-c3c7c7c6caf5,Megan De Benedetti,mdede@hhs.gov,11
b1d297d5-30f9-4beb-8308-374d54e3fe14,Ernie Trosdall,etrosdalldf@yolasite.com,56
d0882398-81eb-4a02-a795-6fa6663d27ff,Augie Dunsford,adunsforddg@a8.net,30
48a3c8f5-e81a-4f32-80d6-68272db87f8e,Lacy Ebbins,lebbinsdh@nifty.com,15
3e9e2c2c-0c39-4cc5-b553-25d708602a86,Leoline Casserly,lcasserlydi@netlog.com,39
a56c7b33-4da8-45b8-b31c-272781b44a5e,Lorain Dureden,lduredendj@gravatar.com,23
461901b7-63f8-47f1-8ee7-3d5f465af6ea,Janessa Seiter,jseiterdk@cdbaby.com,20
4c08953a-6056-4f0e-ab22-ee452ee25a48,Mallory Remirez,mremirezdl@pen.io,25
64340bea-78b8-4423-bd90-0b455c21debb,Max Durnford,mdurnforddm@japanpost.jp,22
46eed68c-3b7d-4114-9493-be3361445d7a,Robby Nuccii,rnucciidn@blogtalkradio.com,50
fd81aa5c-864f-4247-96e7-1f801470851b,Giuseppe Dresche,gdreschedo@japanpost.jp,35
71c10794-df07-424c-8cf4-1f9999bc93d2,Westleigh McKall,wmckalldp@etsy.com,14
15ee973c-dcac-4128-a3b1-d98c3f1b8f1b,Willi Laybourn,wlaybourndq@nhs.uk,26
d1af26a6-1b23-41f8-a03e-17bdcb789109,Page Peotz,ppeotzdr@i2i.jp,36
22ad536f-1985-4e1e-8fd1-f22145f79c64,Stinky Cain,scainds@uiuc.edu,11
2da9abc6-df48-4f60-8bf0-27dbfb42ed5b,Tulley Seebright,tseebrightdt@merriam-webster.com,37
cb61f353-664f-4e65-bfab-d55411924c7c,Jemmie Alty,jaltydu@dedecms.com,15
bdf2c26d-f47a-4b5a-8028-99b8bab9005c,Aylmar Gaggen,agaggendv@intel.com,31
